,year,Rank,Points,GD,GF,GA,Win,Draw,Loss,g_age,g_total_value,g_avg_value,d_age,d_total_value,d_avg_value,m_age,m_total_value,m_avg_value,a_age,a_total_value,a_avg_value,link,bought,sold,attendance,name,squad_age,squad_total_value,squad_avg_value,net_spent_transfer,count_x,count_y,count_x,count_y,rank -1,rank -2,rank -3,rank -4,rank -5,point_last,count
0,2018,1,98,72,95,21,32,2,4,27.0,67050000.0,22350000.0,26.6,274950000.0,27500000.0,28.33,226800000.0,37800000.0,24.86,485100000.0,69300000.0,/manchester-city/startseite/verein/281/saison_id/2018,69380000.0,48690000.0,54130,manchester city,26.6975,263475000.0,39237500.0,-20690000.0,14,14,14,14,,0,0,0,0,0,14
1,2017,1,100,79,106,27,32,4,2,27.0,38930000.0,9730000.0,23.91,171680000.0,15610000.0,26.25,143100000.0,17890000.0,21.0,201020000.0,22340000.0,/manchester-city/startseite/verein/281/saison_id/2017,285750000.0,82220000.0,53812,manchester city,24.54,138682500.0,16392500.0,-203530000.0,14,14,14,14,,0,0,0,0,0,14
2,2016,3,78,41,80,39,23,9,6,29.0,31500000.0,7880000.0,25.07,164340000.0,10960000.0,25.85,198680000.0,15280000.0,21.67,164750000.0,13730000.0,/manchester-city/startseite/verein/281/saison_id/2016,192150000.0,31820000.0,54019,manchester city,25.3975,139817500.0,11962500.0,-160330000.0,14,14,14,14,,0,0,0,0,0,14
3,2015,4,66,30,71,41,19,9,10,32.67,19130000.0,6380000.0,24.67,134550000.0,8970000.0,24.08,156960000.0,12070000.0,20.71,96840000.0,13830000.0,/manchester-city/startseite/verein/281/saison_id/2015,187470000.0,60690000.0,54041,manchester city,25.5325,101870000.0,10312500.0,-126780000.0,14,14,14,14,,0,0,0,0,0,14
4,2014,2,79,45,83,38,24,7,7,31.67,19130000.0,6380000.0,25.21,156380000.0,11170000.0,24.92,146250000.0,12190000.0,23.86,108450000.0,15490000.0,/manchester-city/startseite/verein/281/saison_id/2014,79470000.0,27560000.0,45365,manchester city,26.415000000000003,107552500.0,11307500.0,-51910000.0,14,14,14,14,,0,0,0,0,0,14
5,2013,1,86,65,102,37,27,5,6,29.0,24530000.0,8180000.0,25.73,134780000.0,12250000.0,25.63,163800000.0,20480000.0,23.33,114300000.0,19050000.0,/manchester-city/startseite/verein/281/saison_id/2013,104400000.0,10170000.0,47080,manchester city,25.9225,109352500.0,14990000.0,-94230000.0,14,14,14,14,,0,0,0,0,0,14
6,2012,2,78,32,66,34,23,9,6,25.75,24530000.0,6130000.0,24.64,136800000.0,9770000.0,23.46,163260000.0,12560000.0,22.4,144090000.0,14410000.0,/manchester-city/startseite/verein/281/saison_id/2012,55760000.0,39870000.0,46974,manchester city,24.0625,117170000.0,10717500.0,-15890000.0,14,14,14,14,,0,0,0,0,0,14
7,2011,1,89,64,93,29,28,5,5,26.0,16830000.0,5610000.0,24.0,110700000.0,8520000.0,25.18,139500000.0,12680000.0,23.56,148590000.0,16510000.000000002,/manchester-city/startseite/verein/281/saison_id/2011,81950000.0,28080000.0,47045,manchester city,24.685000000000002,103905000.0,10830000.0,-53870000.0,14,14,14,14,,0,0,0,0,0,14
8,2010,3,71,27,60,33,21,8,9,28.25,17100000.0,4280000.0,21.95,94300000.0,4960000.0,24.1,100040000.0,10000000.0,23.58,132840000.0,11070000.0,/manchester-city/startseite/verein/281/saison_id/2010,165240000.0,33440000.0,45905,manchester city,24.470000000000002,86070000.0,7577500.0,-131800000.0,14,14,14,14,,0,0,0,0,0,14
9,2009,5,67,28,73,45,18,13,7,26.2,16700000.0,3340000.0,23.86,85050000.0,6080000.0,22.67,59180000.0,6580000.0,24.58,122490000.0,10210000.0,/manchester-city/startseite/verein/281/saison_id/2009,132570000.0,27860000.0,45470,manchester city,24.3275,70855000.0,6552500.0,-104710000.0,14,14,14,14,,0,0,0,0,0,14
10,2008,10,50,8,58,50,15,5,18,24.67,11480000.0,3830000.0,23.79,63720000.0,4550000.0,23.13,37580000.0,4700000.0,23.42,109350000.0,9110000.0,/manchester-city/startseite/verein/281/saison_id/2008,141620000.0,23850000.0,42903,manchester city,23.7525,55532500.0,5547500.0,-117770000.0,14,14,14,14,,0,0,0,0,0,14
11,2007,9,55,-8,45,53,15,10,13,21.67,5450000.0,1820000.0,23.0,24480000.0,2230000.0,24.25,20340000.0,2540000.0,23.69,48290000.0,3710000.0,/manchester-city/startseite/verein/281/saison_id/2007,70160000.0,9510000.0,42126,manchester city,23.1525,24640000.0,2575000.0,-60650000.0,14,14,14,14,,0,0,0,0,0,14
12,2006,14,42,-15,29,44,11,9,18,23.33,6840000.0,2280000.0,24.29,38930000.0,2780000.0,25.5,18180000.0,3030000.0,25.0,22820000.0,2540000.0,/manchester-city/startseite/verein/281/saison_id/2006,5850000.0,3780000.0,39997,manchester city,24.53,21692500.0,2657500.0,-2070000.0,14,14,14,14,,0,0,0,0,0,14
13,2005,15,43,-5,43,48,13,4,21,27.75,6260000.0,1560000.0,24.09,27250000.0,2480000.0,23.86,7540000.0,1080000.0,25.33,27720000.0,3080000.0,/manchester-city/startseite/verein/281/saison_id/2005,11230000.0,29250000.0,42856,manchester city,25.2575,17192500.0,2050000.0,18020000.0,14,14,14,14,,0,0,0,0,0,14
14,2018,2,97,67,89,22,30,7,1,29.33,79650000.0,26550000.0,25.22,302850000.0,33650000.0,27.86,234000000.0,33430000.0,25.25,384300000.0,48040000.0,/fc-liverpool/startseite/verein/31/saison_id/2018,163980000.0,36990000.0,52983,liverpool,26.915,250200000.0,35417500.0,-126990000.0,14,14,14,14,,0,0,0,0,0,14
15,2017,4,75,46,84,38,21,12,5,26.5,21150000.0,5290000.0,23.5,110700000.0,9230000.0,24.5,121500000.0,15190000.0,22.91,192150000.0,17470000.0,/fc-liverpool/startseite/verein/31/saison_id/2017,156490000.0,175050000.0,53049,liverpool,24.3525,111375000.0,11795000.0,18560000.0,14,14,14,14,,0,0,0,0,0,14
16,2016,4,76,36,78,42,22,10,6,28.2,20430000.0,4090000.0,23.27,92930000.0,8450000.0,23.45,105840000.0,9620000.0,21.27,135540000.0,12320000.0,/fc-liverpool/startseite/verein/31/saison_id/2016,71910000.0,76840000.0,53016,liverpool,24.0475,88685000.0,8620000.0,4930000.0,14,14,14,14,,0,0,0,0,0,14
17,2015,8,60,13,63,50,16,12,10,23.2,12830000.0,2570000.0,22.94,95940000.0,5640000.0,23.0,84200000.0,7650000.0,20.73,99540000.0,9050000.0,/fc-liverpool/startseite/verein/31/saison_id/2015,112860000.0,81500000.0,43910,liverpool,22.4675,73127500.0,6227500.0,-31360000.0,14,14,14,14,,0,0,0,0,0,14
18,2014,6,62,4,52,48,18,8,12,26.33,12150000.0,4050000.0,24.82,85500000.0,7770000.0,22.9,61650000.0,6170000.0,21.36,97200000.0,8840000.0,/fc-liverpool/startseite/verein/31/saison_id/2014,136290000.0,89340000.0,44659,liverpool,23.8525,64125000.0,6707500.0,-46950000.0,14,14,14,14,,0,0,0,0,0,14
19,2013,2,84,51,101,50,26,6,6,26.5,15300000.0,3830000.0,23.93,89100000.0,6360000.0,22.0,51300000.0,5700000.0,21.44,100350000.0,11150000.0,/fc-liverpool/startseite/verein/31/saison_id/2013,52290000.0,29340000.0,44671,liverpool,23.4675,64012500.0,6760000.0,-22950000.0,14,14,14,14,,0,0,0,0,0,14
20,2012,7,61,28,71,43,16,13,9,25.0,15750000.0,3940000.0,22.43,65700000.0,4690000.0,25.0,90900000.0,9090000.0,19.77,75560000.0,5810000.0,/fc-liverpool/startseite/verein/31/saison_id/2012,63540000.0,9410000.0,44749,liverpool,23.05,61977500.0,5882500.0,-54130000.0,14,14,14,14,,0,0,0,0,0,14
21,2011,8,52,7,47,40,14,10,14,27.25,22500000.0,5630000.0,23.82,57830000.0,5260000.0,24.5,76500000.0,9560000.0,24.38,70650000.0,8830000.0,/fc-liverpool/startseite/verein/31/saison_id/2011,59870000.0,20610000.0,44253,liverpool,24.987499999999997,56870000.0,7320000.0,-39260000.0,14,14,14,14,,0,0,0,0,0,14
22,2010,6,58,15,59,44,17,7,14,24.4,21240000.0,4250000.0,22.73,70250000.0,4680000.0,25.33,122580000.0,13620000.0,22.62,114890000.0,8840000.0,/fc-liverpool/startseite/verein/31/saison_id/2010,87770000.0,91350000.0,42824,liverpool,23.77,82240000.0,7847500.0,3580000.0,14,14,14,14,,0,0,0,0,0,14
23,2009,7,63,26,61,35,18,9,11,23.67,18900000.0,6300000.0,23.0,70290000.0,5410000.0,24.0,95940000.0,13710000.0,24.18,118040000.0,10730000.0,/fc-liverpool/startseite/verein/31/saison_id/2009,39150000.0,43700000.0,42864,liverpool,23.7125,75792500.0,9037500.0,4550000.0,14,14,14,14,,0,0,0,0,0,14
24,2008,2,86,50,77,27,25,11,2,22.2,15140000.0,3030000.0,24.4,50180000.0,5020000.0,23.43,92430000.0,13200000.0,24.09,103910000.0,9450000.0,/fc-liverpool/startseite/verein/31/saison_id/2008,64310000.0,41360000.0,43611,liverpool,23.53,65415000.0,7675000.0,-22950000.0,14,14,14,14,,0,0,0,0,0,14
25,2007,4,76,39,67,28,21,13,4,22.5,16880000.0,4220000.0,23.46,57270000.0,4410000.0,20.31,77600000.0,5970000.0,23.64,80810000.0,7350000.0,/fc-liverpool/startseite/verein/31/saison_id/2007,81630000.0,40730000.0,43532,liverpool,22.4775,58140000.0,5487500.0,-40900000.0,14,14,14,14,,0,0,0,0,0,14
26,2006,3,68,30,57,27,20,8,10,24.0,12690000.0,3170000.0,22.93,55670000.0,3710000.0,20.5,67370000.0,8420000.0,25.0,64709999.99999999,5880000.0,/fc-liverpool/startseite/verein/31/saison_id/2006,41400000.0,18900000.0,43561,liverpool,23.1075,50110000.0,5295000.0,-22500000.0,14,14,14,14,,0,0,0,0,0,14
27,2005,3,82,32,57,25,25,7,6,23.0,9500000.0,2370000.0,23.31,40410000.0,3110000.0,22.44,54090000.0,6010000.0,24.27,81990000.0,7450000.0,/fc-liverpool/startseite/verein/31/saison_id/2005,39650000.0,17140000.0,44236,liverpool,23.255,46497500.0,4735000.0,-22510000.0,14,14,14,14,,0,0,0,0,0,14
28,2018,3,72,24,63,39,21,9,8,31.25,55580000.0,13890000.0,26.23,230400000.0,17720000.0,25.88,253800000.0,31730000.0,27.29,283500000.0,40500000.0,/fc-chelsea/startseite/verein/631/saison_id/2018,189000000.0,55580000.0,40441,chelsea,27.6625,205820000.0,25960000.0,-133420000.0,14,14,14,14,,0,0,0,0,0,14
29,2017,5,70,24,62,38,21,7,10,28.2,39740000.0,7950000.0,22.63,168750000.0,8880000.0,23.18,148500000.0,13500000.0,24.0,227700000.0,20700000.0,/fc-chelsea/startseite/verein/631/saison_id/2017,234540000.0,180540000.0,41282,chelsea,24.502499999999998,146172500.0,12757500.0,-54000000.0,14,14,14,14,,0,0,0,0,0,14
30,2016,1,93,52,85,33,30,3,5,26.2,44780000.0,8960000.0,24.0,130550000.0,7250000.0,22.42,152550000.0,12710000.0,23.86,215100000.0,15360000.0,/fc-chelsea/startseite/verein/631/saison_id/2016,119520000.0,97560000.0,41508,chelsea,24.12,135745000.0,11070000.0,-21960000.0,14,14,14,14,,0,0,0,0,0,14
31,2015,10,50,6,59,53,12,14,12,26.25,39060000.0,9770000.0,22.86,81360000.0,5810000.0,23.0,151650000.0,16850000.0,24.15,249750000.0,19210000.0,/fc-chelsea/startseite/verein/631/saison_id/2015,81450000.0,78740000.0,41500,chelsea,24.064999999999998,130455000.0,12910000.0,-2710000.0,14,14,14,14,,0,0,0,0,0,14
32,2014,1,87,41,73,32,26,9,3,26.6,41580000.0,8320000.0,24.0,87300000.0,8730000.0,23.0,147060000.0,18380000.0,23.47,197550000.0,13170000.0,/fc-chelsea/startseite/verein/631/saison_id/2014,123930000.0,130370000.0,41546,chelsea,24.2675,118372500.0,12150000.0,6440000.0,14,14,14,14,,0,0,0,0,0,14
33,2013,3,82,44,71,27,25,7,6,28.0,40500000.0,6750000.0,23.62,112570000.0,8660000.0,23.71,167400000.0,11960000.0,22.19,204210000.0,12760000.0,/fc-chelsea/startseite/verein/631/saison_id/2013,117320000.0,69690000.0,41482,chelsea,24.380000000000003,131170000.0,10032500.0,-47630000.0,14,14,14,14,,0,0,0,0,0,14
34,2012,3,75,36,75,39,22,9,7,31.0,24300000.0,8100000.0,25.1,91350000.0,9140000.0,23.67,150300000.0,12530000.0,24.44,123300000.0,13700000.0,/fc-chelsea/startseite/verein/631/saison_id/2012,98730000.0,22910000.0,41462,chelsea,26.052500000000002,97312500.0,10867500.0,-75820000.0,14,14,14,14,,0,0,0,0,0,14
35,2011,6,64,19,65,46,18,10,10,26.75,25200000.0,6300000.0,27.33,132750000.0,14750000.0,23.4,125100000.0,12510000.0,26.11,137700000.0,15300000.0,/fc-chelsea/startseite/verein/631/saison_id/2011,86810000.0,29160000.0,41484,chelsea,25.897499999999997,105187500.0,12215000.0,-57650000.0,14,14,14,14,,0,0,0,0,0,14
36,2010,2,71,36,69,33,21,8,9,29.0,25430000.0,8480000.0,24.17,116150000.0,9680000.0,22.11,111690000.0,12410000.0,25.67,148280000.0,16480000.0,/fc-chelsea/startseite/verein/631/saison_id/2010,109350000.0,14850000.0,41435,chelsea,25.2375,100387500.0,11762500.0,-94500000.0,14,14,14,14,,0,0,0,0,0,14
37,2009,1,86,71,103,32,27,5,6,24.2,27230000.0,5450000.0,25.82,115650000.0,10510000.0,25.89,155750000.0,17310000.0,23.45,101070000.0,9190000.0,/fc-chelsea/startseite/verein/631/saison_id/2009,27000000.0,3420000.0,41423,chelsea,24.84,99925000.0,10615000.0,-23580000.0,14,14,14,14,,0,0,0,0,0,14
38,2008,3,83,44,68,24,25,8,5,27.5,27900000.0,6980000.0,26.7,111020000.0,11100000.0,25.67,130550000.0,14510000.0,23.2,117720000.0,11770000.0,/fc-chelsea/startseite/verein/631/saison_id/2008,27450000.0,40100000.0,41588,chelsea,25.767500000000002,96797500.0,11090000.0,12650000.0,14,14,14,14,,0,0,0,0,0,14
39,2007,2,85,39,65,26,25,10,3,26.5,27270000.0,6820000.0,24.23,101120000.0,7780000.0,23.15,123530000.0,9500000.0,24.78,128930000.0,14330000.0,/fc-chelsea/startseite/verein/631/saison_id/2007,53100000.0,39290000.0,41397,chelsea,24.665,95212500.0,9607500.0,-13810000.0,14,14,14,14,,0,0,0,0,0,14
40,2006,2,83,40,64,24,24,11,3,25.83,25580000.0,4260000.0,23.18,102290000.0,9300000.0,22.54,122450000.0,9420000.0,22.29,113180000.0,16170000.000000002,/fc-chelsea/startseite/verein/631/saison_id/2006,80080000.0,47340000.0,41510,chelsea,23.46,90875000.0,9787500.0,-32740000.0,14,14,14,14,,0,0,0,0,0,14
41,2005,1,91,50,72,22,29,4,5,23.5,21760000.0,5440000.0,24.0,94950000.0,11870000.0,24.5,117000000.0,11700000.0,24.5,83250000.0,13880000.0,/fc-chelsea/startseite/verein/631/saison_id/2005,82350000.0,30690000.0,41902,chelsea,24.125,79240000.0,10722500.0,-51660000.0,14,14,14,14,,0,0,0,0,0,14
42,2018,4,71,28,67,39,23,2,13,31.33,25200000.0,8400000.0,25.7,221400000.0,22140000.0,24.38,277200000.0,34650000.0,27.17,269550000.0,44930000.0,/tottenham-hotspur/startseite/verein/148/saison_id/2018,0.0,4820000.0,54216,tottenham hotspur,27.145,198337500.0,27530000.0,4820000.0,14,14,14,14,,0,0,0,0,0,14
43,2017,3,77,38,74,36,23,8,7,26.5,26100000.0,6530000.0,23.73,132980000.0,12090000.0,22.9,161640000.0,16160000.0,23.44,161100000.0,17900000.0,/tottenham-hotspur/startseite/verein/148/saison_id/2017,109350000.0,93420000.0,67496,tottenham hotspur,24.1425,120455000.0,13170000.0,-15930000.0,14,14,14,14,,0,0,0,0,0,14
44,2016,2,86,60,86,26,26,8,4,23.8,27450000.0,5490000.0,24.4,97200000.0,9720000.0,22.29,123300000.0,8810000.0,20.67,99000000.0,11000000.0,/tottenham-hotspur/startseite/verein/148/saison_id/2016,75240000.0,47070000.0,31639,tottenham hotspur,22.790000000000003,86737500.0,8755000.0,-28170000.0,14,14,14,14,,0,0,0,0,0,14
45,2015,3,70,34,69,35,19,13,6,26.0,22500000.0,7500000.0,23.18,75600000.0,6870000.0,21.45,61880000.0,5630000.0,22.5,68400000.0,11400000.0,/tottenham-hotspur/startseite/verein/148/saison_id/2015,63900000.0,78820000.0,35776,tottenham hotspur,23.2825,57095000.0,7850000.0,14920000.0,14,14,14,14,,0,0,0,0,0,14
46,2014,5,64,5,58,53,19,7,12,27.8,21600000.0,4320000.0,23.8,84650000.0,5640000.0,21.71,83160000.0,5940000.0,24.38,79020000.0,9880000.0,/tottenham-hotspur/startseite/verein/148/saison_id/2014,43620000.0,39740000.0,35728,tottenham hotspur,24.4225,67107500.0,6445000.0,-3880000.0,14,14,14,14,,0,0,0,0,0,14
47,2013,6,69,4,55,51,21,6,11,30.0,15300000.0,3830000.0,22.08,69300000.0,5780000.0,20.79,90000000.0,6430000.0,23.64,91800000.0,8350000.0,/tottenham-hotspur/startseite/verein/148/saison_id/2013,109690000.0,121880000.0,35808,tottenham hotspur,24.1275,66600000.0,6097500.0,12190000.0,14,14,14,14,,0,0,0,0,0,14
48,2012,5,72,20,66,46,21,9,8,30.8,20250000.0,4050000.0,24.27,75420000.0,6860000.0,23.71,86940000.0,6210000.0,22.73,97760000.0,8890000.0,/tottenham-hotspur/startseite/verein/148/saison_id/2012,65930000.00000001,65500000.0,36066,tottenham hotspur,25.3775,70092500.0,6502500.0,-430000.00000000745,14,14,14,14,,0,0,0,0,0,14
49,2011,4,69,25,66,41,20,9,9,35.67,12600000.0,4200000.0,24.06,61970000.0,3870000.0,22.38,96440000.0,6030000.0,23.87,113490000.0,7570000.0,/tottenham-hotspur/startseite/verein/148/saison_id/2011,8510000.0,38930000.0,36036,tottenham hotspur,26.495,71125000.0,5417500.0,30420000.0,14,14,14,14,,0,0,0,0,0,14
50,2010,5,62,9,55,46,16,14,8,28.0,12670000.0,2530000.0,24.29,81290000.0,5810000.0,23.5,92340000.0,9230000.0,24.78,80100000.0,8900000.0,/tottenham-hotspur/startseite/verein/148/saison_id/2010,23940000.0,2640000.0,35722,tottenham hotspur,25.1425,66600000.0,6617500.0,-21300000.0,14,14,14,14,,0,0,0,0,0,14
51,2009,4,70,26,67,41,21,7,10,28.0,9410000.0,1880000.0,23.0,62190000.0,4440000.0,22.1,71240000.0,7120000.0,22.58,81450000.0,6790000.0,/tottenham-hotspur/startseite/verein/148/saison_id/2009,36270000.0,28530000.0,35794,tottenham hotspur,23.919999999999998,56072500.0,5057500.0,-7740000.0,14,14,14,14,,0,0,0,0,0,14
52,2008,8,51,0,45,45,14,9,15,27.0,11700000.0,2340000.0,23.08,56700000.0,4730000.0,21.79,60120000.0,4290000.0,21.75,95990000.0,8000000.0,/tottenham-hotspur/startseite/verein/148/saison_id/2008,128210000.0,79250000.0,35929,tottenham hotspur,23.405,56127500.0,4840000.0,-48960000.0,14,14,14,14,,0,0,0,0,0,14
53,2007,11,46,5,66,61,11,13,14,25.0,8850000.0,2210000.0,23.13,59510000.0,3720000.0,24.22,41420000.0,4600000.0,22.25,67500000.0,8440000.0,/tottenham-hotspur/startseite/verein/148/saison_id/2007,84740000.0,20300000.0,35967,tottenham hotspur,23.65,44320000.0,4742500.0,-64440000.0,14,14,14,14,,0,0,0,0,0,14
54,2006,5,60,3,57,54,17,9,12,24.2,9230000.0,1850000.0,23.15,40480000.0,3110000.0,23.64,51440000.0,4680000.0,21.44,49070000.0,5450000.0,/tottenham-hotspur/startseite/verein/148/saison_id/2006,54900000.0,34790000.0,35701,tottenham hotspur,23.107499999999998,37555000.0,3772500.0,-20110000.0,14,14,14,14,,0,0,0,0,0,14
55,2005,5,65,15,53,38,18,11,9,28.0,7610000.0,3800000.0,25.3,33860000.0,3390000.0,24.6,48440000.0,4840000.0,22.38,41040000.0,5130000.0,/tottenham-hotspur/startseite/verein/148/saison_id/2005,32860000.0,20390000.0,36074,tottenham hotspur,25.07,32737500.0,4290000.0,-12470000.0,14,14,14,14,,0,0,0,0,0,14
56,2018,5,70,22,73,51,21,7,10,27.6,31280000.0,6260000.0,27.08,139950000.0,11660000.0,25.44,231300000.0,25700000.0,25.8,166500000.0,33300000.0,/fc-arsenal/startseite/verein/11/saison_id/2018,72140000.0,6210000.0,59899,arsenal,26.48,142257500.0,19230000.0,-65930000.0,14,14,14,14,,0,0,0,0,0,14
57,2017,6,63,23,74,51,19,6,13,26.75,13050000.0,3260000.0,24.36,132840000.0,9490000.0,22.47,210420000.0,12380000.0,24.3,214200000.0,21420000.0,/fc-arsenal/startseite/verein/11/saison_id/2017,137570000.0,140580000.0,59323,arsenal,24.47,142627500.0,11637500.0,3010000.0,14,14,14,14,,0,0,0,0,0,14
58,2016,5,75,33,77,44,23,6,9,26.2,30600000.0,6120000.0,24.46,128930000.0,9920000.0,22.31,181800000.0,13980000.0,23.45,129150000.0,11740000.0,/fc-arsenal/startseite/verein/11/saison_id/2016,101740000.0,9320000.0,59957,arsenal,24.105,117620000.0,10440000.0,-92420000.0,14,14,14,14,,0,0,0,0,0,14
59,2015,2,71,29,65,36,20,11,7,25.25,18000000.0,4500000.0,24.6,98100000.0,9810000.0,23.63,139140000.0,8700000.0,22.27,112500000.0,10230000.0,/fc-arsenal/startseite/verein/11/saison_id/2015,23850000.0,2250000.0,59944,arsenal,23.9375,91935000.0,8310000.0,-21600000.0,14,14,14,14,,0,0,0,0,0,14
60,2014,3,75,35,71,36,22,9,7,21.2,18270000.0,3650000.0,23.17,72360000.0,6030000.0,23.93,156600000.0,11190000.0,22.45,116690000.0,10610000.0,/fc-arsenal/startseite/verein/11/saison_id/2014,107080000.0,25020000.0,59992,arsenal,22.687500000000004,90980000.0,7870000.0,-82060000.0,14,14,14,14,,0,0,0,0,0,14
61,2013,4,79,27,68,41,24,7,7,26.0,21150000.0,7050000.0,25.22,82170000.0,9130000.0,23.41,134550000.0,7910000.0,21.83,69210000.0,5770000.0,/fc-arsenal/startseite/verein/11/saison_id/2013,44330000.0,10940000.0,60013,arsenal,24.115,76770000.0,7465000.0,-33390000.0,14,14,14,14,,0,0,0,0,0,14
62,2012,4,73,35,72,37,21,10,7,22.6,15530000.0,3110000.0,22.8,80100000.0,5340000.0,23.42,91800000.0,7650000.0,22.8,76950000.0,7700000.0,/fc-arsenal/startseite/verein/11/saison_id/2012,50400000.0,59270000.0,60079,arsenal,22.905,66095000.0,5950000.0,8870000.0,14,14,14,14,,0,0,0,0,0,14
63,2011,3,70,25,74,49,21,7,10,24.4,9000000.0,1800000.0,22.75,67590000.0,5630000.0,22.0,92950000.0,6200000.0,24.38,112100000.0,8620000.0,/fc-arsenal/startseite/verein/11/saison_id/2011,58930000.0,70460000.0,60000,arsenal,23.3825,70410000.0,5562500.0,11530000.0,14,14,14,14,,0,0,0,0,0,14
64,2010,4,68,29,72,43,19,11,8,26.5,12130000.0,2020000.0,23.89,66599999.99999999,7400000.0,21.33,112140000.0,9350000.0,23.43,83070000.0,11870000.0,/fc-arsenal/startseite/verein/11/saison_id/2010,20700000.0,7290000.0,60023,arsenal,23.7875,68485000.0,7660000.0,-13410000.0,14,14,14,14,,0,0,0,0,0,14
65,2009,3,75,42,83,41,23,6,9,22.8,10710000.0,2140000.0,23.53,73080000.0,4870000.0,19.81,93060000.0,5820000.0,21.56,76050000.0,8450000.0,/fc-arsenal/startseite/verein/11/saison_id/2009,10800000.0,42930000.0,59927,arsenal,21.925,63225000.0,5320000.0,32130000.0,14,14,14,14,,0,0,0,0,0,14
66,2008,4,72,31,68,37,20,12,6,23.0,8189999.999999999,2050000.0,22.92,71150000.0,5930000.0,19.27,78030000.0,5200000.0,21.2,69750000.0,6980000.0,/fc-arsenal/startseite/verein/11/saison_id/2008,36140000.0,23220000.0,60040,arsenal,21.5975,56780000.0,5040000.0,-12920000.0,14,14,14,14,,0,0,0,0,0,14
67,2007,3,83,43,74,31,24,11,3,27.0,10940000.0,2730000.0,21.58,62780000.0,5230000.0,20.71,80710000.0,5760000.0,21.4,38210000.0,7640000.0,/fc-arsenal/startseite/verein/11/saison_id/2007,27860000.0,51050000.0,60083,arsenal,22.6725,48160000.0,5340000.0,23190000.0,14,14,14,14,,0,0,0,0,0,14
68,2006,4,68,28,63,35,19,11,8,29.25,7020000.0,1760000.0,21.47,42170000.0,2810000.0,21.67,80550000.0,6710000.0,21.33,69530000.0,11590000.0,/fc-arsenal/startseite/verein/11/saison_id/2006,13500000.0,11720000.0,60040,arsenal,23.43,49817500.0,5717500.0,-1780000.0,14,14,14,14,,0,0,0,0,0,14
69,2005,4,67,37,68,31,20,7,11,28.5,4660000.0,1160000.0,22.58,55760000.0,4650000.0,22.0,56770000.0,5160000.0,21.2,79880000.0,7990000.0,/fc-arsenal/startseite/verein/11/saison_id/2005,41400000.0,22500000.0,38184,arsenal,23.57,49267500.0,4740000.0,-18900000.0,14,14,14,14,,0,0,0,0,0,14
70,2018,6,66,11,65,54,19,9,10,32.0,62330000.0,20780000.0,25.85,177300000.0,13640000.0,26.71,204300000.0,29190000.0,24.83,262350000.00000003,43730000.0,/manchester-united/startseite/verein/985/saison_id/2018,74430000.0,27500000.0,74498,manchester united,27.3475,176570000.0,26835000.0,-46930000.0,14,14,14,14,,0,0,0,0,0,14
71,2017,2,81,40,68,28,25,6,7,25.25,42390000.0,10600000.0,24.54,159750000.0,12290000.0,25.4,196650000.0,19670000.0,25.38,181800000.0,22730000.0,/manchester-united/startseite/verein/985/saison_id/2017,178560000.0,40950000.0,74976,manchester united,25.1425,145147500.0,16322500.0,-137610000.0,14,14,14,14,,0,0,0,0,0,14
72,2016,6,69,25,54,29,18,15,5,22.67,40730000.0,6790000.0,23.36,122400000.0,8740000.0,24.31,202500000.0,15580000.0,22.78,114300000.0,12700000.0,/manchester-united/startseite/verein/985/saison_id/2016,166500000.0,42440000.0,75290,manchester united,23.28,119982500.0,10952500.0,-124060000.0,14,14,14,14,,0,0,0,0,0,14
73,2015,5,66,14,49,35,19,9,10,24.0,32180000.0,5360000.0,21.53,94500000.0,5560000.0,24.0,121590000.0,11050000.0,21.7,88470000.0,8850000.0,/manchester-united/startseite/verein/985/saison_id/2015,140400000.0,91860000.0,75279,manchester united,22.8075,84185000.0,7705000.0,-48540000.0,14,14,14,14,,0,0,0,0,0,14
74,2014,4,70,25,62,37,20,10,8,26.0,29480000.0,5900000.0,22.6,102470000.0,6830000.0,25.0,118350000.0,11840000.0,23.69,219870000.0,16910000.0,/manchester-united/startseite/verein/985/saison_id/2014,175820000.0,44360000.0,75335,manchester united,24.322499999999998,117542500.0,10370000.0,-131460000.0,14,14,14,14,,0,0,0,0,0,14
75,2013,7,64,21,64,43,19,7,12,23.5,21830000.0,5460000.0,25.67,141300000.0,11780000.0,27.63,121500000.0,15190000.0,21.92,175950000.0,13530000.0,/manchester-united/startseite/verein/985/saison_id/2013,69420000.0,1620000.0,75207,manchester united,24.68,115145000.0,11490000.0,-67800000.0,14,14,14,14,,0,0,0,0,0,14
76,2012,1,89,43,86,43,28,5,5,22.5,20930000.0,5230000.0,24.0,146120000.0,10440000.0,26.0,61650000.0,6170000.0,22.0,181710000.0,13980000.0,/manchester-united/startseite/verein/985/saison_id/2012,68810000.0,9790000.0,75530,manchester united,23.625,102602500.0,8955000.0,-59020000.0,14,14,14,14,,0,0,0,0,0,14
77,2011,2,89,56,89,33,28,5,5,24.25,16379999.999999998,4100000.0,22.38,137930000.0,8620000.0,25.45,79200000.0,7200000.0,23.1,124920000.0,12490000.0,/manchester-united/startseite/verein/985/saison_id/2011,56070000.0,13020000.0,75387,manchester united,23.795,89607500.0,8102500.0,-43050000.0,14,14,14,14,,0,0,0,0,0,14
78,2010,1,80,41,78,37,23,11,4,28.25,8460000.0,2120000.0,25.08,132120000.0,10160000.0,23.6,95270000.0,6350000.0,22.27,109890000.0,9990000.0,/manchester-united/startseite/verein/985/saison_id/2010,26370000.0,15580000.0,74989,manchester united,24.8,86435000.0,7155000.0,-10790000.0,14,14,14,14,,0,0,0,0,0,14
79,2009,2,85,58,86,28,27,4,7,27.5,10440000.0,2610000.0,24.5,120020000.0,10000000.0,24.62,92070000.0,7080000.0,21.36,104130000.0,9470000.0,/manchester-united/startseite/verein/985/saison_id/2009,24660000.0,94020000.0,74864,manchester united,24.495,81665000.0,7290000.0,69360000.0,14,14,14,14,,0,0,0,0,0,14
80,2008,1,90,44,68,24,28,6,4,25.0,10620000.0,2120000.0,23.15,76410000.0,5880000.0,22.86,85230000.0,6090000.0,21.6,150660000.0,15070000.0,/manchester-united/startseite/verein/985/saison_id/2008,40730000.0,6710000.0,75304,manchester united,23.152499999999996,80730000.0,7290000.0,-34020000.0,14,14,14,14,,0,0,0,0,0,14
81,2007,1,87,58,80,22,27,6,5,26.5,10710000.0,2680000.0,24.33,70650000.0,5890000.0,23.64,96030000.0,8730000.0,22.18,110160000.0,10010000.0,/manchester-united/startseite/verein/985/saison_id/2007,93150000.0,41940000.0,75691,manchester united,24.1625,71887500.0,6827500.0,-51210000.0,14,14,14,14,,0,0,0,0,0,14
82,2006,1,89,56,83,27,28,5,5,26.33,7740000.0,2580000.0,23.0,76370000.0,5090000.0,22.75,50400000.0,4200000.0,24.38,72090000.0,9010000.0,/manchester-united/startseite/verein/985/saison_id/2006,24480000.0,16200000.0,75826,manchester united,24.115,51650000.0,5220000.0,-8280000.0,14,14,14,14,,0,0,0,0,0,14
83,2005,2,83,38,72,34,25,8,5,26.67,8330000.0,2780000.0,23.58,74360000.0,6200000.0,24.36,73800000.0,6710000.0,22.5,103140000.0,12890000.0,/manchester-united/startseite/verein/985/saison_id/2005,28620000.0,7110000.0,68765,manchester united,24.2775,64907500.0,7145000.0,-21510000.0,14,14,14,14,,0,0,0,0,0,14
84,2018,7,57,1,47,46,16,9,13,27.5,20930000.0,5230000.0,25.5,65030000.0,8130000.000000001,25.2,77400000.0,15480000.0,24.13,103500000.0,12940000.0,/wolverhampton-wanderers/startseite/verein/543/saison_id/2018,101030000.0,20750000.0,31025,wolverhampton wanderers,25.5825,66715000.0,10445000.0,-80280000.0,4,4,4,4,,0,0,0,0,0,4
85,2011,20,25,-42,40,82,5,10,23,26.33,3150000.0,1050000.0,25.0,28800000.0,2620000.0,23.18,20030000.0,1820000.0,23.25,23180000.0,1930000.0,/wolverhampton-wanderers/startseite/verein/543/saison_id/2011,10850000.0,2340000.0,25677,wolverhampton wanderers,24.439999999999998,18790000.0,1855000.0,-8510000.0,4,4,4,4,,0,0,0,0,0,4
86,2010,17,40,-20,46,66,11,7,20,30.0,4410000.0,1100000.0,22.81,23360000.0,1460000.0,23.3,18950000.0,1890000.0,23.08,22410000.0,1870000.0,/wolverhampton-wanderers/startseite/verein/543/saison_id/2010,18190000.0,5790000.0,27696,wolverhampton wanderers,24.7975,17282500.0,1580000.0,-12400000.0,4,4,4,4,,0,0,0,0,0,4
87,2009,15,38,-24,32,56,9,11,18,27.5,3870000.0,968000.0,24.47,20120000.0,1340000.0,24.43,12560000.0,1790000.0,22.18,17190000.0,1560000.0,/wolverhampton-wanderers/startseite/verein/543/saison_id/2009,17510000.0,783000.0,28366,wolverhampton wanderers,24.645000000000003,13435000.0,1414500.0,-16727000.0,4,4,4,4,,0,0,0,0,0,4
88,2018,8,54,8,54,46,15,9,14,30.5,36900000.0,18450000.0,27.17,109580000.0,9130000.0,25.22,119700000.0,13300000.0,24.83,131400000.0,21900000.0,/fc-everton/startseite/verein/29/saison_id/2018,89820000.0,25790000.0,39043,everton,26.93,99395000.0,15695000.0,-64030000.0,14,14,14,14,,0,0,0,0,0,14
89,2017,8,49,-14,44,58,13,10,15,26.0,19800000.0,4950000.0,24.56,87080000.0,5440000.0,22.57,104850000.0,7490000.0,23.93,100350000.0,7170000.0,/fc-everton/startseite/verein/29/saison_id/2017,182880000.0,113830000.0,38797,everton,24.265,78020000.0,6262500.0,-69050000.0,14,14,14,14,,0,0,0,0,0,14
90,2016,7,61,18,62,44,17,10,11,26.0,3600000.0,1200000.0,24.75,58500000.0,4880000.0,24.8,88200000.0,8820000.0,24.79,105620000.0,7540000.0,/fc-everton/startseite/verein/29/saison_id/2016,77310000.0,54720000.0,39080,everton,25.085,63980000.0,5610000.0,-22590000.0,14,14,14,14,,0,0,0,0,0,14
91,2015,11,47,4,59,55,11,14,13,26.67,4590000.0,1530000.0,24.0,53620000.0,3830000.0,23.45,48600000.0,4420000.0,26.18,76910000.0,6990000.0,/fc-everton/startseite/verein/29/saison_id/2015,44010000.0,9900000.0,38124,everton,25.075000000000003,45930000.0,4192500.0,-34110000.0,14,14,14,14,,0,0,0,0,0,14
92,2014,11,47,-2,48,50,12,11,15,25.67,4950000.0,1650000.0,24.85,45500000.0,3500000.0,22.17,33530000.0,2790000.0,25.33,75780000.0,6320000.0,/fc-everton/startseite/verein/29/saison_id/2014,36140000.0,1710000.0,38406,everton,24.505,39940000.0,3565000.0,-34430000.0,14,14,14,14,,0,0,0,0,0,14
93,2013,5,72,22,61,39,21,9,8,25.0,4950000.0,1650000.0,26.27,51300000.0,4660000.0,24.29,49950000.0,7140000.0,24.23,89550000.0,6890000.0,/fc-everton/startseite/verein/29/saison_id/2013,28620000.0,41490000.0,37732,everton,24.9475,48937500.0,5085000.0,12870000.0,14,14,14,14,,0,0,0,0,0,14
94,2012,6,63,15,55,40,16,15,7,26.33,4950000.0,1650000.0,25.33,45950000.0,3830000.0,24.5,30380000.0,5060000.0,23.38,31120000.0,3890000.0,/fc-everton/startseite/verein/29/saison_id/2012,19490000.0,16880000.0,36356,everton,24.884999999999998,28100000.0,3607500.0,-2610000.0,14,14,14,14,,0,0,0,0,0,14
95,2011,7,56,10,50,40,15,11,12,33.0,12150000.0,4050000.0,26.44,48220000.0,5360000.0,23.33,78750000.0,6560000.0,24.5,32760000.0,2730000.0,/fc-everton/startseite/verein/29/saison_id/2011,6480000.0,24120000.0,33228,everton,26.8175,42970000.0,4675000.0,17640000.0,14,14,14,14,,0,0,0,0,0,14
96,2010,7,54,6,51,45,13,15,10,28.0,11880000.0,3960000.0,24.7,41920000.0,4190000.0000000005,22.78,69980000.0,7780000.0,22.9,36900000.0,3690000.0,/fc-everton/startseite/verein/29/saison_id/2010,1530000.0,5940000.0,36064,everton,24.595,40170000.0,4905000.0,4410000.0,14,14,14,14,,0,0,0,0,0,14
97,2009,8,61,11,60,49,16,13,9,28.0,8730000.0,2180000.0,23.63,74480000.0,4650000.0,20.92,65660000.0,5470000.0,22.8,50540000.0,5050000.0,/fc-everton/startseite/verein/29/saison_id/2009,20970000.0,25510000.0,36725,everton,23.8375,49852500.0,4337500.0,4540000.0,14,14,14,14,,0,0,0,0,0,14
98,2008,5,63,18,55,37,17,12,9,29.0,6570000.0,2190000.0,25.7,41670000.0,4170000.0,21.2,43540000.0,4350000.0,22.78,55670000.0,6190000.0,/fc-everton/startseite/verein/29/saison_id/2008,22570000.0,11970000.0,35667,everton,24.67,36862500.0,4225000.0,-10600000.0,14,14,14,14,,0,0,0,0,0,14
99,2007,5,65,22,55,33,19,8,11,24.75,5760000.0,1440000.0,25.7,31370000.0,3140000.0,23.9,35640000.0,3560000.0,22.63,31910000.0,3990000.0,/fc-everton/startseite/verein/29/saison_id/2007,33800000.0,14220000.0,36955,everton,24.244999999999997,26170000.0,3032500.0,-19580000.0,14,14,14,14,,0,0,0,0,0,14
100,2006,6,58,16,52,36,15,13,10,25.67,3390000.0,1130000.0,27.09,28670000.0,2610000.0,25.1,31680000.0,3170000.0,22.83,27410000.0,4570000.0,/fc-everton/startseite/verein/29/saison_id/2006,16110000.0,2250000.0,36752,everton,25.172500000000003,22787500.0,2870000.0,-13860000.0,14,14,14,14,,0,0,0,0,0,14
101,2005,11,50,-15,34,49,14,8,16,26.8,7700000.0,1540000.0,26.25,39920000.0,3330000.0,26.29,22950000.0,3280000.0,23.86,28240000.0,4030000.0000000005,/fc-everton/startseite/verein/29/saison_id/2005,29270000.0,6300000.0,36860,everton,25.8,24702500.0,3045000.0,-22970000.0,14,14,14,14,,0,0,0,0,0,14
102,2018,9,52,3,51,48,15,7,16,30.67,18680000.0,6230000.0,27.89,129380000.0,14380000.0,23.7,143100000.0,14310000.0,26.14,58050000.0,8289999.999999999,/leicester-city/startseite/verein/1003/saison_id/2018,103140000.0,86220000.0,31851,leicester city,27.1,87302500.0,10802500.0,-16920000.0,5,5,5,5,,0,0,0,0,0,5
103,2017,9,47,-4,56,60,12,11,15,30.33,10350000.0,3450000.0,26.5,38250000.0,3830000.0,24.2,66470000.0,6650000.0,24.55,111830000.0,10170000.0,/leicester-city/startseite/verein/1003/saison_id/2017,79060000.0,43110000.0,31583,leicester city,26.395,56725000.0,6025000.0,-35950000.0,5,5,5,5,,0,0,0,0,0,5
104,2016,12,44,-15,48,63,12,8,18,28.0,12150000.0,4050000.0,27.7,23850000.0,2390000.0,22.7,35100000.0,3510000.0,25.75,86400000.0,10800000.0,/leicester-city/startseite/verein/1003/saison_id/2016,82440000.0,59450000.0,31893,leicester city,26.0375,39375000.0,5187500.0,-22990000.0,5,5,5,5,,0,0,0,0,0,5
105,2015,1,81,32,68,36,23,12,3,29.25,4280000.0,1070000.0,28.1,17550000.0,1760000.0,25.33,25650000.0,2850000.0,23.25,34650000.0,2890000.0,/leicester-city/startseite/verein/1003/saison_id/2015,44910000.0,8510000.0,32021,leicester city,26.4825,20532500.0,2142500.0,-36400000.0,5,5,5,5,,0,0,0,0,0,5
106,2014,14,41,-9,46,55,11,8,19,28.6,4860000.0,972000.0,28.2,14760000.0,1480000.0,24.36,14130000.0,1280000.0,24.18,16520000.0,1500000.0,/leicester-city/startseite/verein/1003/saison_id/2014,20570000.0,0.0,31693,leicester city,26.335,12567500.0,1308000.0,-20570000.0,5,5,5,5,,0,0,0,0,0,5
107,2018,10,52,-3,52,55,15,7,16,33.0,7650000.0,3830000.0,27.67,80100000.0,8900000.0,27.0,86850000.0,9650000.0,28.4,136800000.0,13680000.0,/west-ham-united/startseite/verein/379/saison_id/2018,90810000.0,13380000.0,58336,west ham united,29.0175,77850000.0,9015000.0,-77430000.0,13,13,13,13,,0,0,0,0,0,13
108,2017,13,42,-20,48,68,10,12,16,26.0,18900000.0,6300000.0,25.36,59040000.0,4220000.0,22.08,71240000.0,5940000.0,24.83,89190000.0,7430000.0,/west-ham-united/startseite/verein/379/saison_id/2017,51120000.0,62120000.0,56885,west ham united,24.5675,59592500.0,5972500.0,11000000.0,13,13,13,13,,0,0,0,0,0,13
109,2016,11,45,-17,47,64,12,9,17,27.0,7650000.0,2550000.0,24.2,47270000.0,3150000.0,22.33,61650000.0,5140000.0,23.5,100130000.0,7150000.0,/west-ham-united/startseite/verein/379/saison_id/2016,75150000.0,36900000.0,56972,west ham united,24.2575,54175000.0,4497500.0,-38250000.0,13,13,13,13,,0,0,0,0,0,13
110,2015,7,62,14,65,51,16,14,8,23.75,5580000.0,1400000.0,21.84,42080000.0,2210000.0,23.17,58050000.0,4840000.0,24.67,60980000.0,4070000.0000000005,/west-ham-united/startseite/verein/379/saison_id/2015,47430000.0,16660000.0,34910,west ham united,23.3575,41672500.0,3130000.0,-30770000.0,13,13,13,13,,0,0,0,0,0,13
111,2014,12,47,-3,44,47,12,11,15,29.0,3150000.0,1050000.0,22.69,23760000.0,1830000.0,25.09,49500000.0,4500000.0,25.89,34290000.0,3810000.0,/west-ham-united/startseite/verein/379/saison_id/2014,31640000.0,3960000.0,34871,west ham united,25.6675,27675000.0,2797500.0,-27680000.0,13,13,13,13,,0,0,0,0,0,13
112,2013,13,40,-11,40,51,11,7,20,27.25,4500000.0,1130000.0,25.23,30830000.0,2370000.0,24.87,44100000.0,2940000.0,22.0,36000000.0,2770000.0,/west-ham-united/startseite/verein/379/saison_id/2013,21600000.0,477000.0,34197,west ham united,24.837500000000002,28857500.0,2302500.0,-21123000.0,13,13,13,13,,0,0,0,0,0,13
113,2012,10,46,-8,45,53,12,10,16,26.67,1760000.0,585000.0,24.18,19580000.0,1780000.0,25.27,37130000.0,3380000.0,23.43,45900000.0,3280000.0,/west-ham-united/startseite/verein/379/saison_id/2012,21510000.0,4550000.0,34717,west ham united,24.887500000000003,26092500.0,2256250.0,-16960000.0,13,13,13,13,,0,0,0,0,0,13
114,2010,20,33,-27,43,70,7,12,19,22.0,7790000.0,1950000.0,25.69,37400000.0,2880000.0,26.89,46350000.0,5150000.0,23.57,51530000.0,3680000.0,/west-ham-united/startseite/verein/379/saison_id/2010,14240000.0,4460000.0,33404,west ham united,24.5375,35767500.0,3415000.0,-9780000.0,13,13,13,13,,0,0,0,0,0,13
115,2009,17,35,-19,47,66,8,11,19,23.0,7340000.0,2450000.0,23.82,26510000.0,2410000.0,24.0,42930000.0,4290000.0,23.73,29700000.0,2700000.0,/west-ham-united/startseite/verein/379/saison_id/2009,19490000.0,37170000.0,33683,west ham united,23.6375,26620000.0,2962500.0,17680000.0,13,13,13,13,,0,0,0,0,0,13
116,2008,9,51,-3,42,45,14,9,15,25.0,7070000.0,1410000.0,23.93,26150000.0,1870000.0,25.09,45140000.0,4100000.0,23.3,24890000.0,2490000.0,/west-ham-united/startseite/verein/379/saison_id/2008,14400000.0,61950000.0,33700,west ham united,24.33,25812500.0,2467500.0,47550000.0,13,13,13,13,,0,0,0,0,0,13
117,2007,10,49,-8,42,50,13,10,15,29.67,4910000.0,1640000.0,25.18,20610000.0,1870000.0,25.43,49370000.0,3530000.0,22.88,27770000.0,3470000.0,/west-ham-united/startseite/verein/379/saison_id/2007,41940000.0,36900000.0,34601,west ham united,25.79,25665000.0,2627500.0,-5040000.0,13,13,13,13,,0,0,0,0,0,13
118,2006,15,41,-24,35,59,12,5,21,28.67,7470000.0,2490000.0,24.75,21740000.0,1810000.0,24.09,26840000.0,2440000.0,24.78,39200000.0,4360000.0,/west-ham-united/startseite/verein/379/saison_id/2006,62870000.0,6080000.0,34719,west ham united,25.5725,23812500.0,2775000.0,-56790000.0,13,13,13,13,,0,0,0,0,0,13
119,2005,9,55,-3,52,55,16,7,15,27.2,5760000.0,1150000.0,24.89,15210000.0,1690000.0,22.09,4140000.0,376000.0,24.38,16649999.999999998,2080000.0,/west-ham-united/startseite/verein/379/saison_id/2005,19430000.0,495000.0,33743,west ham united,24.64,10440000.0,1324000.0,-18935000.0,13,13,13,13,,0,0,0,0,0,13
120,2018,11,50,-7,52,59,14,8,16,29.5,4950000.0,1240000.0,29.09,39600000.0,3600000.0,25.63,77850000.0,9730000.0,25.0,52650000.0,8780000.0,/fc-watford/startseite/verein/1010/saison_id/2018,27090000.0,46660000.0,20016,watford,27.305,43762500.0,5837500.0,19570000.0,5,5,5,5,,0,0,0,0,0,5
121,2017,14,41,-20,44,64,11,8,19,29.75,7430000.0,1860000.0,27.23,35330000.0,2720000.0,24.78,55800000.0,6200000.0,23.64,52020000.0,4730000.0,/fc-watford/startseite/verein/1010/saison_id/2017,64260000.00000001,16870000.0,20231,watford,26.35,37645000.0,3877500.0,-47390000.00000001,5,5,5,5,,0,0,0,0,0,5
122,2016,17,40,-28,40,68,11,7,20,30.25,6530000.0,1630000.0,26.0,36000000.0,2400000.0,26.23,68400000.0,5260000.0,23.86,59490000.0,4250000.0,/fc-watford/startseite/verein/1010/saison_id/2016,62960000.0,52290000.0,20571,watford,26.585,42605000.0,3385000.0,-10670000.0,5,5,5,5,,0,0,0,0,0,5
123,2015,13,45,-10,40,50,12,9,17,27.4,7610000.0,1520000.0,26.38,24930000.0,1920000.0,27.36,34790000.0,3160000.0,24.8,31790000.0,3180000.0,/fc-watford/startseite/verein/1010/saison_id/2015,75180000.0,8780000.0,20594,watford,26.485,24780000.0,2445000.0,-66400000.0,5,5,5,5,,0,0,0,0,0,5
124,2006,20,28,-30,29,59,5,13,20,26.5,1890000.0,473000.0,23.13,5240000.0,350000.0,22.77,4550000.0,350000.0,21.18,5290000.0,481000.0,/fc-watford/startseite/verein/1010/saison_id/2006,9450000.0,12150000.0,18741,watford,23.394999999999996,4242500.0,413500.0,2700000.0,5,5,5,5,,0,0,0,0,0,5
125,2018,12,49,-2,51,53,14,7,17,29.2,9500000.0,1900000.0,27.3,77540000.0,7750000.0,27.4,55800000.0,11160000.0,27.14,108000000.0,15430000.0,/crystal-palace/startseite/verein/873/saison_id/2018,10670000.0,315000.0,25455,crystal palace,27.76,62710000.0,9060000.0,-10355000.0,6,6,6,6,,0,0,0,0,0,6
126,2017,11,44,-10,45,55,11,11,16,30.25,5900000.0,1470000.0,25.38,53800000.0,4140000.0,24.58,51120000.0,4260000.0,22.42,64170000.0,5350000.0,/crystal-palace/startseite/verein/873/saison_id/2017,44060000.0,2700000.0,25065,crystal palace,25.6575,43747500.0,3805000.0,-41360000.0,6,6,6,6,,0,0,0,0,0,6
127,2016,14,41,-13,50,63,12,5,21,29.5,12600000.0,3150000.0,24.62,47770000.0,3670000.0,25.0,57830000.0,3860000.0,24.38,75940000.0,5840000.0,/crystal-palace/startseite/verein/873/saison_id/2016,91170000.0,45180000.0,25161,crystal palace,25.875,48535000.0,4130000.0,-45990000.0,6,6,6,6,,0,0,0,0,0,6
128,2015,15,42,-12,39,51,11,9,18,29.67,4500000.0,1500000.0,26.55,21600000.0,1960000.0,23.92,44100000.0,3680000.0,25.42,38700000.0,3230000.0,/crystal-palace/startseite/verein/873/saison_id/2015,25920000.0,4860000.0,24825,crystal palace,26.39,27225000.0,2592500.0,-21060000.0,6,6,6,6,,0,0,0,0,0,6
129,2014,10,48,-4,47,51,13,9,16,28.0,3600000.0,900000.0,26.55,21600000.0,1960000.0,24.15,25650000.0,1970000.0,26.71,29520000.0,2110000.0,/crystal-palace/startseite/verein/873/saison_id/2014,28150000.0,2580000.0,24412,crystal palace,26.3525,20092500.0,1735000.0,-25570000.0,6,6,6,6,,0,0,0,0,0,6
130,2013,11,45,-15,33,48,13,6,19,28.4,4500000.0,900000.0,24.73,13280000.0,885000.0,23.82,17780000.0,1620000.0,27.0,22500000.0,1610000.0,/crystal-palace/startseite/verein/873/saison_id/2013,29700000.0,0.0,24114,crystal palace,25.987499999999997,14515000.0,1253750.0,-29700000.0,6,6,6,6,,0,0,0,0,0,6
131,2018,13,45,-6,42,48,12,9,17,28.25,10800000.0,2700000.0,26.7,63000000.0,6300000.0,26.67,77400000.0,8600000.0,26.0,54450000.0,7780000.0,/newcastle-united/startseite/verein/762/saison_id/2018,53780000.0,43180000.0,51121,newcastle united,26.905,51412500.0,6345000.0,-10600000.0,12,12,12,12,,0,0,0,0,0,12
132,2017,10,44,-8,39,47,12,8,18,26.25,5940000.0,1490000.0,24.36,41330000.0,2950000.0,24.33,44550000.0,4950000.0,23.6,58730000.0,5870000.0,/newcastle-united/startseite/verein/762/saison_id/2017,39870000.0,17570000.0,51992,newcastle united,24.634999999999998,37637500.0,3815000.0,-22300000.0,12,12,12,12,,0,0,0,0,0,12
133,2015,18,37,-21,44,65,9,10,19,24.5,11930000.0,2980000.0,23.15,27450000.0,2110000.0,24.33,65250000.0,5440000.0,23.23,75960000.0,5840000.0,/newcastle-united/startseite/verein/762/saison_id/2015,97120000.0,4170000.0,49754,newcastle united,23.8025,45147500.0,4092500.0,-92950000.0,12,12,12,12,,0,0,0,0,0,12
134,2014,15,39,-23,40,63,10,9,19,23.0,9900000.0,1980000.0,23.46,30020000.0,2310000.0,23.42,53780000.0,4480000.0,21.67,32180000.0,2680000.0,/newcastle-united/startseite/verein/762/saison_id/2014,40520000.0,21250000.0,50359,newcastle united,22.8875,31470000.0,2862500.0,-19270000.0,12,12,12,12,,0,0,0,0,0,12
135,2013,10,49,-16,43,59,15,4,19,24.0,7880000.0,2630000.0,23.46,49230000.0,3790000.0,23.77,66959999.99999999,5150000.0,24.38,45900000.0,5740000.0,/newcastle-united/startseite/verein/762/saison_id/2013,3420000.0,23280000.0,50395,newcastle united,23.9025,42492500.0,4327500.0,19860000.0,12,12,12,12,,0,0,0,0,0,12
136,2012,16,41,-23,45,68,11,8,19,26.5,8330000.0,2080000.0,23.36,52830000.0,3770000.0,22.77,67050000.0,5160000.0,23.88,43200000.0,5400000.0,/newcastle-united/startseite/verein/762/saison_id/2012,28770000.0,13320000.0,50517,newcastle united,24.127499999999998,42852500.0,4102500.0,-15450000.0,12,12,12,12,,0,0,0,0,0,12
137,2011,5,65,5,56,51,19,8,11,25.4,5720000.0,1140000.0,23.09,26100000.0,2370000.0,23.38,47410000.0,3650000.0,24.63,29250000.0,3660000.0,/newcastle-united/startseite/verein/762/saison_id/2011,23450000.0,14440000.0,49951,newcastle united,24.124999999999996,27120000.0,2705000.0,-9010000.0,12,12,12,12,,0,0,0,0,0,12
138,2010,12,46,-1,56,57,11,13,14,24.5,3110000.0,776000.0,24.7,22500000.0,2250000.0,22.69,48740000.0,3750000.0,23.55,11750000.0,1070000.0,/newcastle-united/startseite/verein/762/saison_id/2010,12580000.0,37580000.0,47718,newcastle united,23.86,21525000.0,1961500.0,25000000.0,12,12,12,12,,0,0,0,0,0,12
139,2008,18,34,-19,40,59,7,13,18,26.25,9950000.0,2490000.0,23.89,26870000.0,2990000.0,23.64,48510000.0,3470000.0,22.91,44370000.0,4030000.0000000005,/newcastle-united/startseite/verein/762/saison_id/2008,31660000.0,37260000.0,48750,newcastle united,24.1725,32425000.0,3245000.0,5600000.0,12,12,12,12,,0,0,0,0,0,12
140,2007,12,43,-20,45,65,11,10,17,25.25,9320000.0,2330000.0,26.1,25110000.0,2510000.0,25.2,45720000.0,4570000.0,22.86,42170000.0,6020000.0,/newcastle-united/startseite/verein/762/saison_id/2007,34070000.0,28040000.0,51321,newcastle united,24.8525,30580000.0,3857500.0,-6030000.0,12,12,12,12,,0,0,0,0,0,12
141,2006,13,43,-9,38,47,11,10,17,27.0,9500000.0,1900000.0,24.27,24750000.0,2250000.0,24.91,59360000.0,5400000.0,22.5,53420000.0,6680000.0,/newcastle-united/startseite/verein/762/saison_id/2006,28690000.0,10060000.0,50686,newcastle united,24.669999999999998,36757500.0,4057500.0,-18630000.0,12,12,12,12,,0,0,0,0,0,12
142,2005,7,58,5,47,42,17,7,14,29.5,8550000.0,4280000.0,25.25,23900000.0,2990000.0,24.08,63050000.0,5250000.0,25.86,50090000.0,7160000.0,/newcastle-united/startseite/verein/762/saison_id/2005,55130000.0,27810000.0,52032,newcastle united,26.1725,36397500.0,4920000.0,-27320000.0,12,12,12,12,,0,0,0,0,0,12
143,2018,14,45,-14,56,70,13,6,19,28.0,8100000.0,2030000.0,26.78,72450000.0,8050000.000000001,25.71,80100000.0,11440000.0,25.44,104630000.0,11630000.0,/afc-bournemouth/startseite/verein/989/saison_id/2018,80190000.0,18180000.0,10532,bournemouth,26.4825,66320000.0,8287500.0,-62010000.0,4,4,4,4,,0,0,0,0,0,4
144,2017,12,44,-16,45,61,11,11,16,28.6,9680000.0,1940000.0,24.73,28130000.0,2560000.0,23.14,13050000.0,1860000.0,24.75,53640000.0,4470000.0,/afc-bournemouth/startseite/verein/989/saison_id/2017,30870000.0,0.0,10640,bournemouth,25.305,26125000.0,2707500.0,-30870000.0,4,4,4,4,,0,0,0,0,0,4
145,2016,9,46,-12,55,67,12,10,16,25.6,2030000.0,405000.0,23.36,20790000.0,1490000.0,22.1,30830000.0,3080000.0,23.5,39510000.0,3290000.0,/afc-bournemouth/startseite/verein/989/saison_id/2016,36620000.0,22940000.0,11182,bournemouth,23.64,23290000.0,2066250.0,-13680000.0,4,4,4,4,,0,0,0,0,0,4
146,2015,16,42,-22,45,67,11,9,18,24.8,2070000.0,414000.0,24.24,10510000.0,618000.0,24.13,5040000.0,630000.0,23.68,43610000.0,2300000.0,/afc-bournemouth/startseite/verein/989/saison_id/2015,49600000.0,585000.0,11189,bournemouth,24.2125,15307500.0,990500.0,-49015000.0,4,4,4,4,,0,0,0,0,0,4
147,2018,15,40,-23,45,68,11,7,20,31.8,17780000.0,3560000.0,28.75,50400000.0,6300000.0,28.8,40500000.0,8100000.0,28.63,63900000.0,7990000.0,/fc-burnley/startseite/verein/1132/saison_id/2018,29700000.0,7200000.0,20534,burnley,29.494999999999997,43145000.0,6487500.0,-22500000.0,5,5,5,5,,0,0,0,0,0,5
148,2017,7,54,-3,36,39,14,12,12,29.75,5400000.0,1350000.0,27.29,17100000.0,2440000.0,26.44,32270000.000000004,3590000.0,25.6,32400000.0,3240000.0,/fc-burnley/startseite/verein/1132/saison_id/2017,32170000.0,45000000.0,20688,burnley,27.270000000000003,21792500.0,2655000.0,12830000.0,5,5,5,5,,0,0,0,0,0,5
149,2016,16,40,-16,39,55,11,7,20,30.0,3110000.0,1040000.0,25.0,17640000.0,1760000.0,26.91,27230000.0,2480000.0,23.92,25650000.0,2140000.0,/fc-burnley/startseite/verein/1132/saison_id/2016,41040000.0,1080000.0,20558,burnley,26.4575,18407500.0,1855000.0,-39960000.0,5,5,5,5,,0,0,0,0,0,5
150,2014,19,33,-25,28,53,7,12,19,28.33,1850000.0,615000.0,25.73,8460000.0,769000.0,26.0,12420000.0,1380000.0,23.43,10350000.0,1480000.0,/fc-burnley/startseite/verein/1132/saison_id/2014,11360000.0,0.0,19131,burnley,25.872500000000002,8270000.0,1061000.0,-11360000.0,5,5,5,5,,0,0,0,0,0,5
151,2009,18,30,-40,42,82,8,6,24,29.67,2520000.0,840000.0,26.85,12780000.0,983000.0,22.0,5360000.0,669000.0,23.56,13950000.0,1550000.0,/fc-burnley/startseite/verein/1132/saison_id/2009,12190000.0,81000.0,20654,burnley,25.520000000000003,8652500.0,1010500.0,-12109000.0,5,5,5,5,,0,0,0,0,0,5
152,2018,16,39,-20,45,65,9,12,17,26.75,20790000.0,5200000.0,25.0,72000000.0,9000000.0,25.88,63000000.0,7880000.0,24.88,63900000.0,7990000.0,/fc-southampton/startseite/verein/180/saison_id/2018,56030000.0,21420000.0,30139,southampton,25.627499999999998,54922500.0,7517500.0,-34610000.0,7,7,7,7,,0,0,0,0,0,7
153,2017,17,36,-19,37,56,7,15,16,30.67,16430000.0,5480000.0,24.3,79880000.0,7990000.0,24.17,42750000.0,7130000.0,23.9,83700000.0,8369999.999999999,/fc-southampton/startseite/verein/180/saison_id/2017,55130000.0,88520000.0,30794,southampton,25.759999999999998,55690000.0,7242500.0,33390000.0,7,7,7,7,,0,0,0,0,0,7
154,2016,8,46,-7,41,48,12,10,16,25.33,19580000.0,3260000.0,25.42,60080000.0,5010000.0,23.14,36450000.0,5210000.0,23.27,76730000.0,6980000.0,/fc-southampton/startseite/verein/180/saison_id/2016,62010000.0,76550000.0,30936,southampton,24.29,48210000.0,5115000.0,14540000.0,7,7,7,7,,0,0,0,0,0,7
155,2015,6,63,18,59,41,18,9,11,30.0,13280000.0,3320000.0,23.15,43880000.0,3380000.0,23.57,42080000.0,6010000.0,23.18,69530000.0,6320000.0,/fc-southampton/startseite/verein/180/saison_id/2015,54090000.0,47430000.0,30751,southampton,24.975,42192500.0,4757500.0,-6660000.0,7,7,7,7,,0,0,0,0,0,7
156,2014,7,60,21,54,33,18,6,14,29.75,7430000.0,1860000.0,23.45,33440000.0,3040000.0,21.73,47250000.0,4300000.0,23.18,47250000.0,4300000.0,/fc-southampton/startseite/verein/180/saison_id/2014,86440000.0,111450000.0,30652,southampton,24.527500000000003,33842500.0,3375000.0,25010000.0,7,7,7,7,,0,0,0,0,0,7
157,2013,8,56,8,54,46,15,11,12,27.5,4730000.0,1180000.0,21.75,24980000.0,2080000.0,23.44,31950000.0,3550000.0,23.0,30600000.0,3060000.0,/fc-southampton/startseite/verein/180/saison_id/2013,35640000.0,3780000.0,30212,southampton,23.9225,23065000.0,2467500.0,-31860000.0,7,7,7,7,,0,0,0,0,0,7
158,2012,14,41,-11,49,60,9,14,15,28.0,3870000.0,968000.0,24.0,12350000.0,1030000.0,22.86,26280000.0,1880000.0,23.2,19580000.0,1960000.0,/fc-southampton/startseite/verein/180/saison_id/2012,37350000.0,0.0,30855,southampton,24.515,15520000.0,1459500.0,-37350000.0,7,7,7,7,,0,0,0,0,0,7
159,2018,17,36,-25,35,60,9,9,20,27.0,11930000.0,2980000.0,29.0,43880000.0,5480000.0,26.86,50130000.0,7160000.0,28.0,50850000.0,7260000.0,/brighton-amp-hove-albion/startseite/verein/1237/saison_id/2018,79520000.0,12060000.0,30426,brighton hove albion,27.715,39197500.0,5720000.0,-67460000.0,2,2,2,2,,0,0,0,0,0,2
160,2017,15,40,-20,34,54,9,13,16,26.75,7200000.0,1800000.0,28.1,20700000.0,2070000.0,23.79,22950000.0,1640000.0,25.64,45230000.0,4110000.0000000005,/brighton-amp-hove-albion/startseite/verein/1237/saison_id/2017,58050000.0,0.0,30402,brighton hove albion,26.07,24020000.0,2405000.0,-58050000.0,2,2,2,2,,0,0,0,0,0,2
161,2018,18,34,-35,34,69,10,4,24,31.33,10580000.0,3530000.0,30.0,16200000.0,2030000.0,26.13,31500000.0,3940000.0,26.55,34880000.0,3170000.0,/cardiff-city/startseite/verein/603/saison_id/2018,46080000.0,0.0,31408,cardiff city,28.502499999999998,23290000.0,3167500.0,-46080000.0,2,2,2,2,,0,0,0,0,0,2
162,2013,20,30,-42,32,74,7,9,22,25.33,1710000.0,570000.0,23.38,23360000.0,1800000.0,24.67,18090000.0,2010000.0,24.71,40230000.0,2370000.0,/cardiff-city/startseite/verein/603/saison_id/2013,41230000.0,3370000.0,27430,cardiff city,24.5225,20847500.0,1687500.0,-37860000.0,2,2,2,2,,0,0,0,0,0,2
163,2018,19,26,-47,34,81,7,5,26,27.67,18000000.0,6000000.0,27.43,32850000.0,4690000.0,25.7,104400000.0,10440000.0,27.33,49950000.0,8330000.0,/fc-fulham/startseite/verein/931/saison_id/2018,104850000.0,4050000.0,24371,fulham,27.0325,51300000.0,7365000.0,-100800000.0,10,10,10,10,,0,0,0,0,0,10
164,2013,19,32,-45,40,85,9,5,24,24.2,8550000.0,1710000.0,27.36,29250000.0,2660000.0,25.16,55440000.0,2920000.0,22.69,40280000.0,3100000.0,/fc-fulham/startseite/verein/931/saison_id/2013,26550000.0,3740000.0,24977,fulham,24.8525,33380000.0,2597500.0,-22810000.0,10,10,10,10,,0,0,0,0,0,10
165,2012,12,43,-10,50,60,11,10,17,28.5,5180000.0,1290000.0,26.82,28260000.0,2570000.0,26.73,44280000.0,2950000.0,24.0,26330000.0,3760000.0,/fc-fulham/startseite/verein/931/saison_id/2012,9000000.0,28280000.0,25423,fulham,26.5125,26012500.0,2642500.0,19280000.0,10,10,10,10,,0,0,0,0,0,10
166,2011,9,52,-3,48,51,14,10,14,27.5,4820000.0,1200000.0,27.38,29610000.0,3700000.0,26.19,46620000.0,2910000.0,24.0,25650000.0,3210000.0,/fc-fulham/startseite/verein/931/saison_id/2011,16520000.0,6900000.0,25399,fulham,26.2675,26675000.0,2755000.0,-9620000.0,10,10,10,10,,0,0,0,0,0,10
167,2010,8,49,6,49,43,11,16,11,30.0,4590000.0,1150000.0,26.6,30240000.0,3020000.0,28.45,39870000.0,3620000.0,26.22,26060000.0,2900000.0,/fc-fulham/startseite/verein/931/saison_id/2010,9950000.0,11350000.0,25151,fulham,27.8175,25190000.0,2672500.0,1400000.0,10,10,10,10,,0,0,0,0,0,10
168,2009,12,46,-7,39,46,12,10,16,32.33,4100000.0,1370000.0,24.83,24080000.0,2010000.0,24.56,27770000.0,1740000.0,25.0,27590000.0,2510000.0,/fc-fulham/startseite/verein/931/saison_id/2009,6390000.0,0.0,23909,fulham,26.68,20885000.0,1907500.0,-6390000.0,10,10,10,10,,0,0,0,0,0,10
169,2008,7,53,5,39,34,14,11,13,31.33,3830000.0,1280000.0,23.67,15930000.0,1330000.0,24.85,23400000.0,1800000.0,25.8,32310000.000000004,3230000.0,/fc-fulham/startseite/verein/931/saison_id/2008,24170000.0,14690000.0,24344,fulham,26.412499999999998,18867500.0,1910000.0,-9480000.0,10,10,10,10,,0,0,0,0,0,10
170,2007,17,36,-22,38,60,8,12,18,31.25,8100000.0,2030000.0,25.87,23850000.0,1590000.0,26.62,29770000.0,2290000.0,26.27,18940000.0,1720000.0,/fc-fulham/startseite/verein/931/saison_id/2007,44490000.0,17550000.0,23774,fulham,27.5025,20165000.0,1907500.0,-26940000.0,10,10,10,10,,0,0,0,0,0,10
171,2006,16,39,-22,38,60,8,15,15,29.0,8100000.0,1620000.0,24.18,16649999.999999998,1510000.0,26.92,30490000.0,2350000.0,26.5,18900000.0,2360000.0,/fc-fulham/startseite/verein/931/saison_id/2006,12420000.0,9460000.0,22287,fulham,26.65,18535000.0,1960000.0,-2960000.0,10,10,10,10,,0,0,0,0,0,10
172,2005,12,48,-10,48,58,14,6,18,28.6,6800000.0,1360000.0,24.75,21920000.0,1830000.0,27.6,29300000.0,2930000.0,27.5,5810000.0,1450000.0,/fc-fulham/startseite/verein/931/saison_id/2005,5900000.0,4160000.0,20654,fulham,27.1125,15957500.0,1892500.0,-1740000.0,10,10,10,10,,0,0,0,0,0,10
173,2018,20,16,-54,22,76,3,7,28,25.75,5490000.0,1370000.0,26.75,38250000.0,4780000.0,26.33,39470000.0,4390000.0,25.0,34650000.0,4950000.0,/huddersfield-town/startseite/verein/1110/saison_id/2018,45630000.0,11100000.0,23340,huddersfield town,25.9575,29465000.0,3872500.0,-34530000.0,2,2,2,2,,0,0,0,0,0,2
174,2017,16,37,-30,28,58,9,10,19,25.75,2030000.0,506000.0,24.42,21600000.0,1800000.0,24.2,13640000.0,1360000.0,24.89,20700000.0,2300000.0,/huddersfield-town/startseite/verein/1110/saison_id/2017,51080000.0,5270000.0,24042,huddersfield town,24.815,14492500.0,1491500.0,-45810000.0,2,2,2,2,,0,0,0,0,0,2
175,2017,18,33,-28,28,56,8,9,21,29.33,11700000.0,3900000.0,25.78,28580000.0,3180000.0,24.69,57370000.0,4410000.0,24.45,56570000.0,5140000.0,/swansea-city/startseite/verein/2288/saison_id/2017,66050000.0,72990000.0,20622,swansea city,26.0625,38555000.0,4157500.0,6940000.0,7,7,7,7,,0,0,0,0,0,7
176,2016,15,41,-25,45,70,12,5,21,30.0,9230000.0,2310000.0,25.33,32220000.0,2690000.0,25.63,37980000.0,4750000.0,25.23,43970000.0,3380000.0,/swansea-city/startseite/verein/2288/saison_id/2016,52380000.0,43740000.0,20619,swansea city,26.5475,30850000.0,3282500.0,-8640000.0,7,7,7,7,,0,0,0,0,0,7
177,2015,12,47,-10,42,52,12,11,15,27.75,6750000.0,1690000.0,24.0,32850000.0,2530000.0,24.63,41580000.0,5200000.0,24.91,43200000.0,3930000.0,/swansea-city/startseite/verein/2288/saison_id/2015,19630000.0,15120000.0,20711,swansea city,25.322499999999998,31095000.0,3337500.0,-4510000.0,7,7,7,7,,0,0,0,0,0,7
178,2014,8,56,-3,46,49,16,8,14,29.0,2790000.0,930000.0,24.62,27410000.0,2110000.0,22.4,27680000.0,2770000.0,24.2,39060000.0,3910000.0,/swansea-city/startseite/verein/2288/saison_id/2014,37380000.0,55700000.0,20555,swansea city,25.055000000000003,24235000.0,2430000.0,18320000.0,7,7,7,7,,0,0,0,0,0,7
179,2013,12,42,0,54,54,11,9,18,25.5,8390000.0,2100000.0,25.42,22730000.0,1890000.0,22.67,26620000.0,2960000.0,25.18,49050000.0,4460000.0,/swansea-city/startseite/verein/2288/saison_id/2013,24040000.0,0.0,20407,swansea city,24.692500000000003,26697500.0,2852500.0,-24040000.0,7,7,7,7,,0,0,0,0,0,7
180,2012,9,46,-4,47,51,11,13,14,27.33,8330000.0,2780000.0,24.42,16880000.0,1410000.0,25.67,13050000.0,2180000.0,25.33,41400000.0,3450000.0,/swansea-city/startseite/verein/2288/saison_id/2012,18420000.0,29340000.0,20476,swansea city,25.6875,19915000.0,2455000.0,10920000.0,7,7,7,7,,0,0,0,0,0,7
181,2011,11,47,-7,44,51,12,11,15,29.33,6930000.0,2310000.0,23.85,6120000.0,471000.0,24.1,14270000.0,1430000.0,24.13,9230000.0,1150000.0,/swansea-city/startseite/verein/2288/saison_id/2011,11570000.0,410000.0,19946,swansea city,25.3525,9137500.0,1340250.0,-11160000.0,7,7,7,7,,0,0,0,0,0,7
182,2017,19,33,-33,35,68,7,12,19,27.67,15080000.0,5030000.0,23.85,59900000.0,4610000.0,28.25,29250000.0,3660000.0,24.0,55800000.0,5070000.0,/stoke-city/startseite/verein/512/saison_id/2017,51930000.0,31630000.0,29280,stoke city,25.942500000000003,40007500.0,4592500.0,-20300000.0,10,10,10,10,,0,0,0,0,0,10
183,2016,13,44,-15,41,56,11,11,16,28.2,9680000.0,1940000.0,24.8,40950000.0,4100000.0,28.57,38700000.0,5530000.0,24.92,84600000.0,7050000.0,/stoke-city/startseite/verein/512/saison_id/2016,34690000.0,3420000.0,27433,stoke city,26.6225,43482500.0,4655000.0,-31270000.0,10,10,10,10,,0,0,0,0,0,10
184,2015,9,51,-14,41,55,14,9,15,26.0,4280000.0,1070000.0,26.38,30150000.0,3770000.0,26.56,33300000.0,3700000.0,26.2,46800000.0,4680000.0,/stoke-city/startseite/verein/512/saison_id/2015,48290000.0,20880000.0,27534,stoke city,26.285,28632500.0,3305000.0,-27410000.0,10,10,10,10,,0,0,0,0,0,10
185,2014,9,54,3,48,45,15,9,14,28.67,14400000.0,4800000.0,25.78,35420000.0,3940000.0,26.33,23850000.0,2650000.0,26.33,42300000.0,4700000.0,/stoke-city/startseite/verein/512/saison_id/2014,1620000.0,3420000.0,27081,stoke city,26.7775,28992500.0,4022500.0,1800000.0,10,10,10,10,,0,0,0,0,0,10
186,2013,9,50,-7,45,52,13,11,14,25.25,9900000.0,2480000.0,25.0,31500000.0,4500000.0,24.91,31500000.0,2860000.0,26.55,45000000.0,4090000.0,/stoke-city/startseite/verein/512/saison_id/2013,6300000.0,0.0,26137,stoke city,25.4275,29475000.0,3482500.0,-6300000.0,10,10,10,10,,0,0,0,0,0,10
187,2012,13,42,-11,34,45,9,15,14,29.5,5180000.0,1290000.0,26.33,25430000.0,4240000.0,26.08,33390000.0,2780000.0,28.75,25200000.0,3150000.0,/stoke-city/startseite/verein/512/saison_id/2012,21310000.0,576000.0,26722,stoke city,27.665,22300000.0,2865000.0,-20734000.0,10,10,10,10,,0,0,0,0,0,10
188,2011,14,45,-17,36,53,11,12,15,32.0,6080000.0,2030000.0,27.18,36720000.0,3340000.0,26.18,30150000.0,2740000.0,28.14,34200000.0,4890000.0,/stoke-city/startseite/verein/512/saison_id/2011,22320000.0,1790000.0,27226,stoke city,28.375,26787500.0,3250000.0,-20530000.0,10,10,10,10,,0,0,0,0,0,10
189,2010,13,46,-2,46,48,13,7,18,31.0,5180000.0,1730000.0,25.92,25520000.0,2130000.0,25.8,17150000.0,1710000.0,28.38,38930000.0,4870000.0,/stoke-city/startseite/verein/512/saison_id/2010,18990000.0,6100000.0,26858,stoke city,27.775,21695000.0,2610000.0,-12890000.0,10,10,10,10,,0,0,0,0,0,10
190,2009,11,47,-14,34,48,11,14,13,24.0,3780000.0,756000.0,25.92,24030000.0,1850000.0,23.62,18810000.0,1450000.0,27.57,22500000.0,3210000.0,/stoke-city/startseite/verein/512/saison_id/2009,23450000.0,5850000.0,27162,stoke city,25.277500000000003,17280000.0,1816500.0,-17600000.0,10,10,10,10,,0,0,0,0,0,10
191,2008,12,45,-17,38,55,12,9,17,30.5,4050000.0,2030000.0,24.94,17550000.0,1100000.0,25.27,13410000.0,1220000.0,27.11,18590000.0,2070000.0,/stoke-city/startseite/verein/512/saison_id/2008,30560000.0,689000.0,26994,stoke city,26.955,13400000.0,1605000.0,-29871000.0,10,10,10,10,,0,0,0,0,0,10
192,2017,20,31,-25,31,56,6,13,19,29.33,4950000.0,1650000.0,24.73,27090000.0,2460000.0,27.25,42080000.0,5260000.0,23.82,74840000.0,6800000.0,/west-bromwich-albion/startseite/verein/984/saison_id/2017,48150000.0,1850000.0,24520,west bromwich albion,26.2825,37240000.0,4042500.0,-46300000.0,10,10,10,10,,0,0,0,0,0,10
193,2016,10,45,-8,43,51,12,9,17,26.5,5490000.0,1370000.0,27.0,22050000.0,2450000.0,26.25,20250000.0,2530000.0,25.44,55800000.0,6200000.0,/west-bromwich-albion/startseite/verein/984/saison_id/2016,34110000.0,24280000.0,23876,west bromwich albion,26.2975,25897500.0,3137500.0,-9830000.0,10,10,10,10,,0,0,0,0,0,10
194,2015,14,43,-14,34,48,10,13,15,26.6,5850000.0,1170000.0,27.44,20700000.0,2300000.0,25.09,29700000.0,2700000.0,23.3,49050000.0,4910000.0,/west-bromwich-albion/startseite/verein/984/saison_id/2015,38610000.0,11630000.0,24631,west bromwich albion,25.6075,26325000.0,2770000.0,-26980000.0,10,10,10,10,,0,0,0,0,0,10
195,2014,13,44,-13,38,51,11,11,16,24.8,5630000.0,1130000.0,26.0,18140000.0,2020000.0,27.45,41130000.0,3740000.0,23.11,25650000.0,2850000.0,/west-bromwich-albion/startseite/verein/984/saison_id/2014,22390000.0,2070000.0,25064,west bromwich albion,25.34,22637500.0,2435000.0,-20320000.0,10,10,10,10,,0,0,0,0,0,10
196,2013,17,36,-16,43,59,7,15,16,28.25,7650000.0,1910000.0,27.1,16379999.999999998,1640000.0,26.0,32850000.0,3650000.0,24.8,27000000.0,2700000.0,/west-bromwich-albion/startseite/verein/984/saison_id/2013,14130000.0,10260000.0,25194,west bromwich albion,26.537499999999998,20970000.0,2475000.0,-3870000.0,10,10,10,10,,0,0,0,0,0,10
197,2012,8,49,-4,53,57,14,7,17,27.33,6530000.0,2180000.0,25.91,17820000.0,1620000.0,24.88,19350000.0,2420000.0,23.5,31050000.0,3110000.0,/west-bromwich-albion/startseite/verein/984/saison_id/2012,4500000.0,3350000.0,25202,west bromwich albion,25.404999999999998,18687500.0,2332500.0,-1150000.0,10,10,10,10,,0,0,0,0,0,10
198,2011,10,47,-7,45,52,13,8,17,26.33,6640000.0,2210000.0,25.71,26780000.0,1910000.0,24.5,23400000.0,2340000.0,24.0,16430000.0,1830000.0,/west-bromwich-albion/startseite/verein/984/saison_id/2011,8170000.0,10010000.0,24770,west bromwich albion,25.134999999999998,18312500.0,2072500.0,1840000.0,10,10,10,10,,0,0,0,0,0,10
199,2010,11,47,-15,56,71,12,11,15,28.0,7180000.0,1790000.0,24.8,30920000.0,2060000.0,22.43,13500000.0,1930000.0,23.27,24930000.0,2270000.0,/west-bromwich-albion/startseite/verein/984/saison_id/2010,12450000.0,765000.0,24683,west bromwich albion,24.624999999999996,19132500.0,2012500.0,-11685000.0,10,10,10,10,,0,0,0,0,0,10
200,2008,20,32,-31,36,67,8,8,22,25.0,5810000.0,1940000.0,25.27,19400000.0,1760000.0,22.9,18410000.0,1840000.0,23.0,15710000.0,1430000.0,/west-bromwich-albion/startseite/verein/984/saison_id/2008,21890000.0,9230000.0,25828,west bromwich albion,24.042499999999997,14832500.0,1742500.0,-12660000.0,10,10,10,10,,0,0,0,0,0,10
201,2005,19,30,-27,31,58,7,9,22,26.33,5450000.0,1820000.0,24.89,8690000.0,965000.0,24.83,20570000.0,1710000.0,26.14,14850000.0,2120000.0,/west-bromwich-albion/startseite/verein/984/saison_id/2005,13770000.0,8170000.0,25404,west bromwich albion,25.5475,12390000.0,1653750.0,-5600000.0,10,10,10,10,,0,0,0,0,0,10
202,2016,18,34,-43,37,80,9,7,22,29.0,4820000.0,963000.0,24.46,34740000.0,2670000.0,24.54,30150000.0,2320000.0,24.45,49950000.0,4540000.0,/hull-city/startseite/verein/3008/saison_id/2016,36000000.0,26010000.0,20656,hull city,25.6125,29915000.0,2623250.0,-9990000.0,5,5,5,5,,0,0,0,0,0,5
203,2014,18,35,-18,33,51,8,11,19,28.4,2610000.0,522000.0,26.0,25070000.0,2090000.0,25.67,40050000.0,4450000.0,25.22,42300000.0,4700000.0,/hull-city/startseite/verein/3008/saison_id/2014,43410000.0,16830000.0,23557,hull city,26.322499999999998,27507500.0,2940500.0,-26580000.0,5,5,5,5,,0,0,0,0,0,5
204,2013,16,37,-15,38,53,10,7,21,30.0,4640000.0,1160000.0,26.7,14400000.0,1440000.0,25.13,15300000.0,1910000.0,25.25,28580000.0,2380000.0,/hull-city/startseite/verein/3008/saison_id/2013,27990000.0,792000.0,24117,hull city,26.77,15730000.0,1722500.0,-27198000.0,5,5,5,5,,0,0,0,0,0,5
205,2009,19,30,-41,34,75,6,12,20,30.67,3780000.0,1260000.0,24.78,16160000.0,1800000.0,26.53,26370000.0,1760000.0,24.7,21780000.0,2180000.0,/hull-city/startseite/verein/3008/saison_id/2009,13370000.0,14580000.0,24390,hull city,26.67,17022500.0,1750000.0,1210000.0,5,5,5,5,,0,0,0,0,0,5
206,2008,17,35,-25,39,64,8,11,19,29.67,1310000.0,435000.0,24.1,10190000.0,1020000.0,27.0,19690000.0,1510000.0,28.78,13700000.0,1520000.0,/hull-city/startseite/verein/3008/saison_id/2008,16149999.999999998,0.0,24816,hull city,27.387500000000003,11222500.0,1121250.0,-16149999.999999998,5,5,5,5,,0,0,0,0,0,5
207,2016,19,28,-26,27,53,5,13,20,30.4,6530000.0,1310000.0,24.82,27680000.0,2520000.0,26.22,24080000.0,2680000.0,25.9,51300000.0,5130000.0,/fc-middlesbrough/startseite/verein/641/saison_id/2016,43160000.0,12150000.0,30449,middlesbrough,26.835,27397500.0,2910000.0,-31010000.0,5,5,5,5,,0,0,0,0,0,5
208,2008,19,32,-29,28,57,7,11,20,22.0,990000.0,330000.0,21.54,17010000.0,1310000.0,22.71,19800000.0,2830000.0,23.0,34110000.0,3410000.0,/fc-middlesbrough/startseite/verein/641/saison_id/2008,11520000.0,7850000.0,28429,middlesbrough,22.3125,17977500.0,1970000.0,-3670000.0,5,5,5,5,,0,0,0,0,0,5
209,2007,13,42,-10,43,53,10,12,16,27.0,4060000.0,1350000.0,22.25,29260000.0,2440000.0,24.78,27270000.0,3030000.0,22.8,38570000.0,3860000.0,/fc-middlesbrough/startseite/verein/641/saison_id/2007,45540000.0,27200000.0,26708,middlesbrough,24.2075,24790000.0,2670000.0,-18340000.0,5,5,5,5,,0,0,0,0,0,5
210,2006,12,46,-5,44,49,12,10,16,24.25,3780000.0,945000.0,22.64,25470000.0,1820000.0,23.38,27590000.0,3450000.0,24.33,28980000.0,3220000.0,/fc-middlesbrough/startseite/verein/641/saison_id/2006,10170000.0,4210000.0,27730,middlesbrough,23.65,21455000.0,2358750.0,-5960000.0,5,5,5,5,,0,0,0,0,0,5
211,2005,14,45,-10,48,58,12,9,17,23.25,4100000.0,1020000.0,24.73,25490000.0,1700000.0,23.8,30200000.0,3020000.0,24.3,38880000.0,3890000.0,/fc-middlesbrough/startseite/verein/641/saison_id/2005,12560000.0,0.0,28463,middlesbrough,24.02,24667500.0,2407500.0,-12560000.0,5,5,5,5,,0,0,0,0,0,5
212,2016,20,24,-40,29,69,6,6,26,23.5,4500000.0,1130000.0,25.07,31950000.0,2130000.0,23.82,31050000.0,2820000.0,24.17,33750000.0,2810000.0,/afc-sunderland/startseite/verein/289/saison_id/2016,37710000.0,21390000.0,41287,sunderland,24.14,25312500.0,2222500.0,-16320000.0,11,11,11,11,,0,0,0,0,0,11
213,2015,17,39,-14,48,62,9,12,17,26.8,7650000.0,1530000.0,25.67,18450000.0,1540000.0,25.36,40950000.0,3720000.0,24.93,48380000.0,3460000.0,/afc-sunderland/startseite/verein/289/saison_id/2015,59450000.0,9450000.0,43071,sunderland,25.689999999999998,28857500.0,2562500.0,-50000000.0,11,11,11,11,,0,0,0,0,0,11
214,2014,16,38,-22,31,53,7,17,14,22.5,5180000.0,1290000.0,27.11,13910000.0,1550000.0,24.36,48150000.0,4380000.0,24.0,36500000.0,3650000.0,/afc-sunderland/startseite/verein/289/saison_id/2014,20350000.0,6530000.0,43171,sunderland,24.4925,25935000.0,2717500.0,-13820000.0,11,11,11,11,,0,0,0,0,0,11
215,2013,14,38,-19,41,60,10,8,20,23.4,3150000.0,630000.0,26.6,20430000.0,2040000.0,25.21,55400000.0,3960000.0,22.3,57150000.0,5720000.0,/afc-sunderland/startseite/verein/289/saison_id/2013,30520000.0,20140000.0,41090,sunderland,24.3775,34032500.0,3087500.0,-10380000.0,11,11,11,11,,0,0,0,0,0,11
216,2012,17,39,-13,41,54,9,12,17,25.5,6300000.0,3150000.0,25.21,33750000.0,2410000.0,24.33,41180000.0,4580000.0,22.92,35330000.0,2940000.0,/afc-sunderland/startseite/verein/289/saison_id/2012,34470000.0,13340000.0,40563,sunderland,24.49,29140000.0,3270000.0,-21130000.0,11,11,11,11,,0,0,0,0,0,11
217,2011,13,45,-1,45,46,11,12,15,25.0,10580000.0,2640000.0,26.67,49950000.0,3330000.0,23.88,25880000.0,3230000.0,21.22,26150000.0,2910000.0,/afc-sunderland/startseite/verein/289/saison_id/2011,25430000.0,23690000.0,39047,sunderland,24.1925,28140000.0,3027500.0,-1740000.0,11,11,11,11,,0,0,0,0,0,11
218,2010,10,47,-11,45,56,12,11,15,23.67,7430000.0,2480000.0,24.88,44350000.0,2770000.0,23.09,46040000.0,4190000.0000000005,22.33,25790000.0,2870000.0,/afc-sunderland/startseite/verein/289/saison_id/2010,26190000.0,37600000.0,40011,sunderland,23.4925,30902500.0,3077500.0,11410000.0,11,11,11,11,,0,0,0,0,0,11
219,2009,13,44,-8,48,56,11,11,16,24.33,7380000.0,2460000.0,25.56,57200000.0,3570000.0,22.2,19040000.0,1900000.0,25.33,34920000.0,3880000.0,/afc-sunderland/startseite/verein/289/saison_id/2009,41490000.0,19150000.0,40355,sunderland,24.355,29635000.0,2952500.0,-22340000.0,11,11,11,11,,0,0,0,0,0,11
220,2008,16,36,-20,34,54,9,9,20,29.5,8300000.000000001,2080000.0,24.38,41400000.0,2590000.0,22.25,20210000.0,1680000.0,25.33,39110000.0,3260000.0,/afc-sunderland/startseite/verein/289/saison_id/2008,29800000.0,10040000.0,40168,sunderland,25.365,27255000.0,2402500.0,-19760000.0,11,11,11,11,,0,0,0,0,0,11
221,2007,15,39,-23,36,59,11,6,21,25.0,2660000.0,664000.0,23.88,19280000.0,1130000.0,22.73,10080000.0,916000.0,25.0,14940000.0,1150000.0,/afc-sunderland/startseite/verein/289/saison_id/2007,57890000.0,2880000.0,43344,sunderland,24.1525,11740000.0,965000.0,-55010000.0,11,11,11,11,,0,0,0,0,0,11
222,2005,20,15,-43,26,69,3,6,29,23.0,990000.0,330000.0,24.64,16110000.0,1460000.0,23.44,10400000.0,1160000.0,22.29,5220000.0,746000.0,/afc-sunderland/startseite/verein/289/saison_id/2005,5330000.0,1280000.0,33904,sunderland,23.3425,8180000.0,924000.0,-4050000.0,11,11,11,11,,0,0,0,0,0,11
223,2015,19,34,-28,39,67,9,7,22,24.25,5040000.0,1260000.0,26.4,25790000.0,2580000.0,26.0,25560000.0,1830000.0,24.92,36990000.0,2850000.0,/norwich-city/startseite/verein/1123/saison_id/2015,42800000.0,19340000.0,26972,norwich city,25.392500000000002,23345000.0,2130000.0,-23460000.0,4,4,4,4,,0,0,0,0,0,4
224,2013,18,33,-34,28,62,8,9,21,31.0,6080000.0,2030000.0,25.5,23400000.0,2340000.0,26.33,25650000.0,2850000.0,23.4,31950000.0,3200000.0,/norwich-city/startseite/verein/1123/saison_id/2013,27050000.0,4350000.0,26805,norwich city,26.557499999999997,21770000.0,2605000.0,-22700000.0,4,4,4,4,,0,0,0,0,0,4
225,2012,11,44,-17,41,58,10,14,14,23.8,6530000.0,1310000.0,26.11,21960000.0,2440000.0,24.82,18450000.0,1680000.0,24.36,16880000.0,1530000.0,/norwich-city/startseite/verein/1123/saison_id/2012,9970000.0,342000.0,26672,norwich city,24.772499999999997,15955000.0,1740000.0,-9628000.0,4,4,4,4,,0,0,0,0,0,4
226,2011,12,47,-14,52,66,12,11,15,20.67,810000.0,270000.0,24.5,9250000.0,925000.0,24.89,5830000.0,648000.0,25.57,4370000.0,624000.0,/norwich-city/startseite/verein/1123/saison_id/2011,13730000.0,450000.0,26606,norwich city,23.9075,5065000.0,616750.0,-13280000.0,4,4,4,4,,0,0,0,0,0,4
227,2015,20,17,-49,27,76,3,8,27,25.0,6080000.0,1220000.0,24.19,37170000.0,2320000.0,24.0,32400000.0,3240000.0,21.69,25430000.0,1960000.0,/aston-villa/startseite/verein/405/saison_id/2015,59810000.0,58230000.0,33690,aston villa,23.72,25270000.0,2185000.0,-1580000.0,11,11,11,11,,0,0,0,0,0,11
228,2014,17,38,-26,31,57,10,8,20,29.33,6300000.0,2100000.0,24.54,30150000.0,2320000.0,24.45,34880000.0,3170000.0,22.64,42980000.0,3910000.0,/aston-villa/startseite/verein/405/saison_id/2014,12110000.0,1180000.0,34133,aston villa,25.24,28577500.0,2875000.0,-10930000.0,11,11,11,11,,0,0,0,0,0,11
229,2013,15,38,-22,39,61,10,8,20,28.33,4950000.0,1650000.0,23.5,31280000.0,2610000.0,22.2,18680000.0,1870000.0,24.09,49770000.0,4520000.0,/aston-villa/startseite/verein/405/saison_id/2013,17860000.0,7290000.0,36081,aston villa,24.53,26170000.0,2662500.0,-10570000.0,11,11,11,11,,0,0,0,0,0,11
230,2012,15,41,-22,47,69,10,11,17,33.33,4730000.0,1580000.0,23.33,15260000.0,1700000.0,22.5,27500000.0,2290000.0,22.56,43450000.0,4830000.0,/aston-villa/startseite/verein/405/saison_id/2012,25050000.0,2880000.0,35060,aston villa,25.43,22735000.0,2600000.0,-22170000.0,11,11,11,11,,0,0,0,0,0,11
231,2011,16,38,-16,37,53,7,17,14,32.33,6080000.0,2030000.0,25.31,45950000.0,3530000.0,22.15,39870000.0,3070000.0,24.38,49950000.0,6240000.0,/aston-villa/startseite/verein/405/saison_id/2011,18300000.0,39370000.0,33883,aston villa,26.042499999999997,35462500.0,3717500.0,21070000.0,11,11,11,11,,0,0,0,0,0,11
232,2010,9,48,-11,48,59,12,12,14,33.0,4730000.0,1580000.0,24.92,62930000.0,4840000.0,24.0,75670000.0,4450000.0,24.67,43650000.0,7280000.0,/aston-villa/startseite/verein/405/saison_id/2010,33660000.0,25560000.0,37194,aston villa,26.6475,46745000.0,4537500.0,-8100000.0,11,11,11,11,,0,0,0,0,0,11
233,2009,6,64,13,52,39,17,13,8,32.0,4950000.0,1650000.0,26.08,65250000.0,5440000.0,23.0,43610000.0,3960000.0,25.8,30560000.0,6110000.0,/aston-villa/startseite/verein/405/saison_id/2009,42210000.0,19890000.0,38573,aston villa,26.72,36092500.0,4290000.0,-22320000.0,11,11,11,11,,0,0,0,0,0,11
234,2008,6,62,6,54,48,17,11,10,29.0,4410000.0,1470000.0,24.17,42480000.0,3540000.0,22.45,38480000.0,3500000.0,24.5,26190000.0,4370000.0,/aston-villa/startseite/verein/405/saison_id/2008,50310000.0,6770000.0,39812,aston villa,25.03,27890000.0,3220000.0,-43540000.0,11,11,11,11,6.0,0,0,0,0,0,11
235,2007,6,60,20,71,51,16,12,10,26.0,7920000.0,2640000.0,24.63,27990000.0,3500000.0,24.5,24030000.0,3000000.0,22.17,17280000.0,2880000.0,/aston-villa/startseite/verein/405/saison_id/2007,22410000.0,16110000.0,40396,aston villa,24.325,19305000.0,3005000.0,-6300000.0,11,11,11,11,,0,0,0,0,0,11
236,2006,11,50,2,43,41,11,17,10,26.0,9000000.0,2250000.0,24.67,22520000.0,2500000.0,24.77,30830000.0,2370000.0,25.38,28710000.0,3590000.0,/aston-villa/startseite/verein/405/saison_id/2006,22230000.0,1640000.0,36214,aston villa,25.205,22765000.0,2677500.0,-20590000.0,11,11,11,11,,0,0,0,0,0,11
237,2005,16,42,-13,42,55,10,12,16,23.67,6840000.0,2280000.0,25.63,24860000.0,3110000.0,24.33,34880000.0,2910000.0,22.43,28670000.0,4100000.0,/aston-villa/startseite/verein/405/saison_id/2005,14890000.0,5760000.0,34112,aston villa,24.015,23812500.0,3100000.0,-9130000.0,11,11,11,11,,0,0,0,0,0,11
238,2014,20,30,-31,42,73,8,6,24,29.67,3600000.0,1200000.0,25.21,25830000.0,1850000.0,23.79,39200000.0,2800000.0,25.2,34920000.0,3490000.0,/queens-park-rangers/startseite/verein/1039/saison_id/2014,39180000.0,23440000.0,17809,queens park rangers,25.9675,25887500.0,2335000.0,-15740000.0,3,3,3,3,,0,0,0,0,0,3
239,2012,20,25,-30,30,60,4,13,21,32.75,17100000.0,4280000.0,26.31,35640000.0,2740000.0,27.2,44100000.0,4410000.0,27.91,47250000.0,4300000.0,/queens-park-rangers/startseite/verein/1039/saison_id/2012,45320000.0,4060000.0,17779,queens park rangers,28.5425,36022500.0,3932500.0,-41260000.0,3,3,3,3,,0,0,0,0,0,3
240,2011,17,37,-23,43,66,10,7,21,29.5,2750000.0,686000.0,26.6,31010000.0,2070000.0,26.5,18920000.0,1580000.0,26.18,42840000.0,2520000.0,/queens-park-rangers/startseite/verein/1039/saison_id/2011,23600000.0,2520000.0,17295,queens park rangers,27.195,23880000.0,1714000.0,-21080000.0,3,3,3,3,,0,0,0,0,0,3
241,2012,18,36,-26,47,73,9,9,20,27.75,6750000.0,1690000.0,25.79,28350000.0,2030000.0,24.33,17640000.0,1960000.0,22.6,20610000.0,2060000.0,/wigan-athletic/startseite/verein/1071/saison_id/2012,9480000.0,11930000.0,19359,wigan athletic,25.1175,18337500.0,1935000.0,2450000.0,8,8,8,8,,0,0,0,0,0,8
242,2011,15,43,-20,42,62,11,10,17,29.0,5670000.0,1420000.0,26.4,22500000.0,2250000.0,24.22,19350000.0,2150000.0,22.71,15480000.0,2210000.0,/wigan-athletic/startseite/verein/1071/saison_id/2011,11140000.0,10160000.0,18634,wigan athletic,25.582500000000003,15750000.0,2007500.0,-980000.0,8,8,8,8,,0,0,0,0,0,8
243,2010,16,42,-21,40,61,9,15,14,28.0,5850000.0,1460000.0,24.42,20030000.0,1670000.0,22.4,13950000.0,1400000.0,23.56,25070000.0,2790000.0,/wigan-athletic/startseite/verein/1071/saison_id/2010,10260000.0,3060000.0,16807,wigan athletic,24.595,16225000.0,1830000.0,-7200000.0,8,8,8,8,,0,0,0,0,0,8
244,2009,16,36,-42,37,79,9,9,20,27.4,6480000.0,1300000.0,27.2,23810000.0,2380000.0,24.25,15030000.0,1250000.0,23.11,21200000.0,2360000.0,/wigan-athletic/startseite/verein/1071/saison_id/2009,16590000.0,23380000.0,18006,wigan athletic,25.49,16630000.0,1822500.0,6790000.0,8,8,8,8,,0,0,0,0,0,8
245,2008,11,45,-11,34,45,12,9,17,31.75,4860000.0,1220000.0,26.5,17780000.0,2220000.0,23.8,21200000.0,1410000.0,24.5,27360000.0,3420000.0,/wigan-athletic/startseite/verein/1071/saison_id/2008,21690000.0,21780000.0,18350,wigan athletic,26.6375,17800000.0,2067500.0,90000.0,8,8,8,8,,0,0,0,0,0,8
246,2007,14,40,-17,34,51,10,10,18,28.0,3690000.0,923000.0,25.08,24860000.0,2070000.0,25.5,18500000.0,1540000.0,26.14,21380000.0,3050000.0,/wigan-athletic/startseite/verein/1071/saison_id/2007,16110000.0,16040000.0,19046,wigan athletic,26.18,17107500.0,1895750.0,-70000.0,8,8,8,8,,0,0,0,0,0,8
247,2006,17,38,-22,37,59,10,8,20,31.75,4230000.0,1060000.0,26.5,22740000.0,1620000.0,24.0,16090000.0,1460000.0,25.63,16830000.0,2100000.0,/wigan-athletic/startseite/verein/1071/saison_id/2006,23090000.0,21890000.0,18159,wigan athletic,26.97,14972500.0,1560000.0,-1200000.0,8,8,8,8,,0,0,0,0,0,8
248,2005,10,51,-7,45,52,15,6,17,35.0,675000.0,225000.0,27.0,11610000.0,1060000.0,26.0,11480000.0,1280000.0,26.2,8820000.0,1760000.0,/wigan-athletic/startseite/verein/1071/saison_id/2005,14190000.0,5060000.0,20608,wigan athletic,28.55,8146250.0,1081250.0,-9130000.0,8,8,8,8,,0,0,0,0,0,8
249,2012,19,28,-30,43,73,6,10,22,24.2,2250000.0,450000.0,25.0,18500000.0,1540000.0,26.83,6750000.0,1130000.0,25.33,12380000.0,1030000.0,/fc-reading/startseite/verein/1032/saison_id/2012,9740000.0,810000.0,23862,reading,25.34,9970000.0,1037500.0,-8930000.0,3,3,3,3,,0,0,0,0,0,3
250,2007,18,36,-25,41,66,10,6,22,23.8,1530000.0,306000.0,24.59,10960000.0,645000.0,24.3,10400000.0,1040000.0,22.55,12470000.0,1130000.0,/fc-reading/startseite/verein/1032/saison_id/2007,10890000.0,5130000.0,23574,reading,23.81,8840000.0,780250.0,-5760000.0,3,3,3,3,,0,0,0,0,0,3
251,2006,8,55,5,52,47,16,7,15,24.0,1040000.0,259000.0,24.13,7310000.0,488000.0,23.89,5670000.0,630000.0,21.89,7340000.0,815000.0,/fc-reading/startseite/verein/1032/saison_id/2006,8300000.000000001,0.0,23829,reading,23.4775,5340000.0,548000.0,-8300000.000000001,3,3,3,3,,0,0,0,0,0,3
252,2011,18,36,-31,46,77,10,6,22,24.5,4050000.0,1010000.0,25.0,30870000.0,2210000.0,23.78,26730000.0,2970000.0,26.0,26690000.0,2430000.0,/bolton-wanderers/startseite/verein/355/saison_id/2011,14040000.0,14700000.0,23670,bolton wanderers,24.82,22085000.0,2155000.0,660000.0,7,7,7,7,,0,0,0,0,0,7
253,2010,14,46,-4,52,56,12,10,16,26.25,5220000.0,1310000.0,26.9,28350000.0,2840000.0,24.22,24530000.0,2730000.0,24.73,25970000.0,2360000.0,/bolton-wanderers/startseite/verein/355/saison_id/2010,4860000.0,1260000.0,22807,bolton wanderers,25.525000000000002,21017500.0,2310000.0,-3600000.0,7,7,7,7,,0,0,0,0,0,7
254,2009,14,39,-25,42,67,10,9,19,27.33,5360000.0,1790000.0,26.55,28170000.0,2560000.0,24.2,26620000.0,2660000.0,24.25,16649999.999999998,2080000.0,/bolton-wanderers/startseite/verein/355/saison_id/2009,10800000.0,1800000.0,22200,bolton wanderers,25.5825,19200000.0,2272500.0,-9000000.0,7,7,7,7,,0,0,0,0,0,7
255,2008,13,41,-12,41,53,11,8,19,28.75,6030000.0,1510000.0,24.0,26510000.0,2410000.0,23.78,21290000.0,2370000.0,25.33,28710000.0,3190000.0,/bolton-wanderers/startseite/verein/355/saison_id/2008,21330000.0,9790000.0,22486,bolton wanderers,25.465,20635000.0,2370000.0,-11540000.0,7,7,7,7,,0,0,0,0,0,7
256,2007,16,37,-18,36,54,9,10,19,27.75,6280000.0,1570000.0,23.83,19440000.0,1620000.0,24.64,23360000.0,1670000.0,25.73,33750000.0,3070000.0,/bolton-wanderers/startseite/verein/355/saison_id/2007,20120000.0,19770000.0,20901,bolton wanderers,25.4875,20707500.0,1982500.0,-350000.0,7,7,7,7,,0,0,0,0,0,7
257,2006,7,56,-5,47,52,16,8,14,24.33,6770000.0,1130000.0,22.08,13610000.0,1050000.0,28.86,13730000.0,1960000.0,25.13,21830000.0,2730000.0,/bolton-wanderers/startseite/verein/355/saison_id/2006,15300000.0,3470000.0,23606,bolton wanderers,25.099999999999998,13985000.0,1717500.0,-11830000.0,7,7,7,7,,0,0,0,0,0,7
258,2005,8,56,8,49,41,15,11,12,24.6,7650000.0,1530000.0,25.11,8640000.0,960000.0,25.71,26780000.0,3830000.0,27.0,22100000.0,2460000.0,/bolton-wanderers/startseite/verein/355/saison_id/2005,5580000.0,0.0,25265,bolton wanderers,25.605,16292500.0,2195000.0,-5580000.0,7,7,7,7,,0,0,0,0,0,7
259,2011,19,31,-30,48,78,8,7,23,24.5,5000000.0,1250000.0,25.58,22550000.0,1880000.0,23.69,26460000.0,2040000.0,23.88,27630000.0,3450000.0,/blackburn-rovers/startseite/verein/164/saison_id/2011,18500000.0,36220000.0,22551,blackburn rovers,24.412499999999998,20410000.0,2155000.0,17720000.0,7,7,7,7,,0,0,0,0,0,7
260,2010,15,43,-13,46,59,11,10,17,26.25,5450000.0,1360000.0,26.7,20970000.0,2100000.0,23.19,32630000.000000004,2040000.0,26.29,26550000.0,3790000.0,/blackburn-rovers/startseite/verein/164/saison_id/2010,4550000.0,248000.0,25000,blackburn rovers,25.6075,21400000.0,2322500.0,-4302000.0,7,7,7,7,,0,0,0,0,0,7
261,2009,10,50,-14,41,55,13,11,14,25.25,5090000.0,1270000.0,25.38,27450000.0,2110000.0,25.36,26150000.0,2380000.0,25.0,22590000.0,3230000.0,/blackburn-rovers/startseite/verein/164/saison_id/2009,11950000.0,32990000.000000004,25428,blackburn rovers,25.2475,20320000.0,2247500.0,21040000.000000004,7,7,7,7,,0,0,0,0,0,7
262,2008,15,41,-20,40,60,10,11,17,25.67,5040000.0,1680000.0,24.75,28130000.0,2340000.0,24.64,24710000.0,1760000.0,26.57,27680000.0,3950000.0,/blackburn-rovers/startseite/verein/164/saison_id/2008,10510000.0,23850000.0,23479,blackburn rovers,25.4075,21390000.0,2432500.0,13340000.0,7,7,7,7,,0,0,0,0,0,7
263,2007,7,58,2,50,48,15,13,10,26.0,4770000.0,954000.0,24.62,17510000.0,1350000.0,24.31,27360000.0,2100000.0,23.43,12650000.0,1810000.0,/blackburn-rovers/startseite/verein/164/saison_id/2007,5580000.0,3580000.0,23944,blackburn rovers,24.590000000000003,15572500.0,1553500.0,-2000000.0,7,7,7,7,,0,0,0,0,0,7
264,2006,10,52,-2,52,54,15,7,16,29.33,3240000.0,1080000.0,26.14,23360000.0,1670000.0,25.5,21740000.0,2720000.0,26.5,18360000.0,3060000.0,/blackburn-rovers/startseite/verein/164/saison_id/2006,14870000.0,15220000.0,21275,blackburn rovers,26.8675,16675000.0,2132500.0,350000.0,7,7,7,7,,0,0,0,0,0,7
265,2005,6,63,9,51,42,19,6,13,31.0,2930000.0,1460000.0,27.7,24530000.0,2450000.0,25.56,22910000.0,2550000.0,25.33,13280000.0,2210000.0,/blackburn-rovers/startseite/verein/164/saison_id/2005,8460000.0,2430000.0,21015,blackburn rovers,27.3975,15912500.0,2167500.0,-6030000.0,7,7,7,7,,0,0,0,0,0,7
266,2010,18,39,-21,37,58,8,15,15,30.0,3650000.0,1220000.0,26.0,22730000.0,2270000.0,24.73,35010000.0,3180000.0,25.6,31230000.0,3120000.0,/birmingham-city/startseite/verein/337/saison_id/2010,23040000.0,158000.0,25462,birmingham city,26.582500000000003,23155000.0,2447500.0,-22882000.0,4,4,4,4,,0,0,0,0,0,4
267,2009,9,50,-9,38,47,13,11,14,25.5,7740000.0,1940000.0,26.36,11570000.0,1050000.0,25.5,19620000.0,1640000.0,24.56,18230000.0,2030000.0,/birmingham-city/startseite/verein/337/saison_id/2009,18050000.0,360000.0,25246,birmingham city,25.48,14290000.0,1665000.0,-17690000.0,4,4,4,4,,0,0,0,0,0,4
268,2007,19,35,-16,46,62,8,11,19,26.5,2930000.0,731000.0,23.91,21380000.0,1940000.0,23.22,17420000.0,1940000.0,22.56,24170000.0,2690000.0,/birmingham-city/startseite/verein/337/saison_id/2007,26370000.0,7630000.0,26181,birmingham city,24.0475,16475000.0,1825250.0,-18740000.0,4,4,4,4,,0,0,0,0,0,4
269,2005,18,34,-22,28,50,8,10,20,29.33,2970000.0,990000.0,24.58,21420000.0,1790000.0,25.2,23510000.0,2350000.0,26.0,37940000.0,4740000.0,/birmingham-city/startseite/verein/337/saison_id/2005,7290000.0,7160000.0,27392,birmingham city,26.2775,21460000.0,2467500.0,-130000.0,4,4,4,4,,0,0,0,0,0,4
270,2010,19,39,-23,55,78,10,9,19,25.2,1620000.0,324000.0,21.5,7110000.0,508000.0,21.08,10670000.0,889000.0,25.86,14900000.0,1060000.0,/fc-blackpool/startseite/verein/1181/saison_id/2010,5150000.0,630000.0,15780,blackpool,23.41,8575000.0,695250.0,-4520000.0,1,1,1,1,,0,0,0,0,0,1
271,2009,20,28,-32,34,66,7,7,24,28.4,4050000.0,810000.0,24.72,32810000.000000004,1820000.0,25.55,29250000.0,2660000.0,25.09,23760000.0,2160000.0,/fc-portsmouth/startseite/verein/1020/saison_id/2009,9500000.0,46850000.0,18249,portsmouth,25.94,22467500.0,1862500.0,37350000.0,5,5,5,5,,0,0,0,0,0,5
272,2008,14,41,-19,38,57,10,11,17,28.33,5220000.0,1740000.0,26.77,44100000.0,3390000.0,26.6,37080000.0,3710000.0,26.0,50450000.0,5040000.0,/fc-portsmouth/startseite/verein/1020/saison_id/2008,25380000.0,48740000.0,19830,portsmouth,26.924999999999997,34212500.0,3470000.0,23360000.0,5,5,5,5,,0,0,0,0,0,5
273,2007,8,57,8,48,40,16,9,13,27.33,4320000.0,1440000.0,26.33,35190000.0,2930000.0,24.36,33440000.0,3040000.0,24.0,34290000.0,4290000.0,/fc-portsmouth/startseite/verein/1020/saison_id/2007,52780000.0,21040000.0,19914,portsmouth,25.505,26810000.0,2925000.0,-31740000.0,5,5,5,5,,0,0,0,0,0,5
274,2006,9,54,3,45,42,14,12,12,31.67,4950000.0,1650000.0,27.89,30740000.0,3420000.0,23.6,23000000.0,2300000.0,26.88,23310000.0,2910000.0,/fc-portsmouth/startseite/verein/1020/saison_id/2006,8189999.999999999,1130000.0,19862,portsmouth,27.509999999999998,20500000.0,2570000.0,-7059999.999999999,5,5,5,5,,0,0,0,0,0,5
275,2005,17,38,-25,37,62,10,8,20,28.0,4840000.0,968000.0,26.63,17640000.0,2210000.0,25.55,31640000.0,2880000.0,25.17,27630000.0,2300000.0,/fc-portsmouth/startseite/verein/1020/saison_id/2005,14830000.0,8910000.0,19840,portsmouth,26.3375,20437500.0,2089500.0,-5920000.0,5,5,5,5,,0,0,0,0,0,5
276,2007,20,11,-69,20,89,1,8,29,23.75,3870000.0,968000.0,26.53,14730000.0,867000.0,25.78,11970000.0,1330000.0,25.18,14940000.0,1360000.0,/derby-county/startseite/verein/22/saison_id/2007,20410000.0,4710000.0,32432,derby county,25.310000000000002,11377500.0,1131250.0,-15700000.0,1,1,1,1,,0,0,0,0,0,1
277,2006,18,38,-23,32,55,10,8,20,28.25,3600000.0,900000.0,26.94,11570000.0,680000.0,23.5,4680000.0,468000.0,23.83,12020000.0,1000000.0,/sheffield-united/startseite/verein/350/saison_id/2006,16219999.999999998,2990000.0,30512,sheffield united,25.63,7967500.0,762000.0,-13229999.999999998,1,1,1,1,,0,0,0,0,0,1
278,2006,19,34,-26,34,60,8,10,20,23.0,4120000.0,824000.0,25.75,23090000.0,1920000.0,24.17,21330000.0,1780000.0,25.0,20900000.0,2610000.0,/charlton-athletic/startseite/verein/358/saison_id/2006,19490000.0,2050000.0,26195,charlton athletic,24.48,17360000.0,1783500.0,-17440000.0,2,2,2,2,,0,0,0,0,0,2
279,2005,13,47,-14,41,55,13,8,17,26.5,4050000.0,1010000.0,24.42,17190000.0,1430000.0,26.57,19260000.0,2750000.0,24.23,26980000.0,2080000.0,/charlton-athletic/startseite/verein/358/saison_id/2005,8189999.999999999,5140000.0,26196,charlton athletic,25.430000000000003,16870000.0,1817500.0,-3049999.999999999,2,2,2,2,,0,0,0,0,0,2
